year;num;dept;insee_code;commune_name;date_alerte;covered_surface;forest_surface;surface_maquis_garrigues;other_surface_not_forest;area_surface;other_surfaces;other_wooded_land_area;natural_non_wooded_areas;non_wooded_areas;non_forested_areas;accuracy_surface;fireLargerThan1;people_type;reason;motif;RCCI_intervention;damage_or_building_affected;number_of_death;numberBuildingTotallyDestroyed;numberBuildingPartiallyDestroyed;Hygometry;average_wind_speed;wind_direction;temperature;reliable_data
1990;103;6;6070;Gréolières;26/01/1990 19:30;1000000;0;0;;;;;;;;;Non;1;Inconnue;;;;;;;;;;;
1990;1333;2B;2B318;Taglio-Isolaccio;27/02/1990 12:56;7000000;0;0;;;;;;;;;Non;;Certaine;Accidentelle;;;;;;;;;;
1990;1335;2B;2B207;Penta-di-Casinca;27/02/1990 18:40;3000000;0;0;;;;;;;;;Non;;Certaine;Accidentelle;;;;;;;;;;
1990;1272;2B;2B199;Palasca;27/02/1990 23:50;1500000;0;0;;;;;;;;;Non;;Inconnue;;;;;;;;;;;
1990;189;7;7153;Mayres;28/02/1990 10:45;3100000;0;0;;;;;;;;;Non;1;Certaine;Involontaire (travaux);;;;;;;;;;
1990;1336;2B;2B054;Campile;28/02/1990 14:40;5000000;0;0;;;;;;;;;Non;;Probable;;;;;;;;;;;
1990;1302;2B;2B225;Pietra-di-Verde;01/03/1990 13:05;4000000;0;0;;;;;;;;;Non;;Inconnue;;;;;;;;;;;
1990;93;6;6021;Bonson;04/03/1990 14:26;1500000;0;0;;;;;;;;;Non;1;Inconnue;;;;;;;;;;;
1990;82;6;6142;Touët-de-l'Escarène;04/03/1990 15:30;1470000;0;0;;;;;;;;;Non;1;;;;;;;;;;;;
1990;9;4;4112;Manosque;25/03/1990 16:32;3500000;0;0;;;;;;;;;Non;5;Certaine;;;;;;;;;;;
1990;2904;83;83059;Forcalqueiret;18/04/1990 14:53;2060000;0;0;;;;;;;;;Non;;Certaine;Involontaire (particulier);;;;;;;;;;
1990;476;13;13014;Berre-l'Étang;30/04/1990 13:01;1000000;0;0;;;;;;;;;Non;;;;;;;;;;;;;
1990;2956;83;83019;Bormes-les-Mimosas;21/06/1990 13:29;1500000;0;0;;;;;;;;;Non;4;Probable;;;;;;;;;;;
1990;1519;2B;2B049;Calenzana;23/06/1990 13:45;1000000;0;0;;;;;;;;;Non;;Inconnue;;;;;;;;;;;
1990;2978;83;83071;Londe-les-Maures (La);06/07/1990 17:03;3500000;0;0;;;;;;;;;Non;1;Probable;;;;;;;;;;;
1990;2979;83;83107;Roquebrune-sur-Argens;06/07/1990 17:18;5540000;0;0;;;;;;;;;Non;4;;;;;;;;;;;;
1990;513;13;13051;Lançon-Provence;10/07/1990 11:09;1000000;0;0;;;;;;;;;Non;;Probable;Involontaire (particulier);;;;;;;;;;
1990;522;13;13009;Barben (La);10/07/1990 16:10;30570000;0;0;;;;;;;;;Non;;Certaine;;;;;;;;;;;
1990;2659;48;48119;Prévenchères;20/07/1990 12:58;1000000;0;0;;;;;;;;;Non;;Probable;Involontaire (particulier);;;;;;;;;;
1990;901;2A;2A041;Bonifacio;28/07/1990 12:13;3000000;0;0;;;;;;;;;Non;;;;;;;;;;;;;
1990;277;7;7131;Lanas;08/08/1990 11:25;6800000;0;0;;;;;;;;;Non;;Probable;;;;;;;;;;;
1990;958;2A;2A362;Zonza;17/08/1990 13:26;44000000;0;0;;;;;;;;;Non;;;;;;;;;;;;;
1990;605;13;13055;Marseille;21/08/1990 15:23;29000000;0;0;;;;;;;;;Non;;Inconnue;;;;;;;;;;;
1990;3104;83;83043;Collobrières;21/08/1990 15:24;96000000;0;0;;;;;;;;;Non;4;;;;;;;;;;;;
1990;577;13;13050;Lambesc;21/08/1990 17:14;1400000;0;0;;;;;;;;;Non;6;;;;;;;;;;;;
1990;576;13;13042;Gémenos;21/08/1990 17:30;7700000;0;0;;;;;;;;;Non;;;;;;;;;;;;;
1990;307;7;7100;Gravières;21/08/1990 21:45;1060000;0;0;;;;;;;;;Non;;;;;;;;;;;;;
1990;2523;30;30122;Gajan;22/08/1990 11:30;1800000;0;0;;;;;;;;;Non;;Probable;;;;;;;;;;;
1990;2509;30;30354;Montagnac;22/08/1990 15:05;20000000;0;0;;;;;;;;;Non;;Inconnue;;;;;;;;;;;
1990;3153;83;83107;Roquebrune-sur-Argens;20/09/1990 17:41;2320000;0;0;;;;;;;;;Non;4;Inconnue;;;;;;;;;;;
1990;2232;2B;2B097;Costa;20/09/1990 20:20;2500000;0;0;;;;;;;;;Non;;;;;;;;;;;;;
1990;2233;2B;2B361;Zilia;20/09/1990 23:55;4000000;0;0;;;;;;;;;Non;;;;;;;;;;;;;
1990;3170;83;83081;Montauroux;21/09/1990 13:40;7150000;0;0;;;;;;;;;Non;6;;;;;;;;;;;;
1990;2318;2B;2B030;Barrettali;21/09/1990 15:15;25000000;0;0;;;;;;;;;Non;;;;;;;;;;;;;
1990;3169;83;83070;Lavandou (Le);21/09/1990 15:31;21890000;0;0;;;;;;;;;Non;4;Probable;;;;;;;;;;;
1990;3168;83;83148;Vidauban;21/09/1990 16:59;115800000;0;0;;;;;;;;;Non;6;;;;;;;;;;;;
1990;1099;2A;2A247;Porto-Vecchio;21/09/1990 17:33;6000000;0;0;;;;;;;;;Non;;;;;;;;;;;;;
1990;3167;83;83072;Lorgues;22/09/1990 13:02;5760000;0;0;;;;;;;;;Non;5;;;;;;;;;;;;
1990;3171;83;83001;Adrets-de-l'Estérel (Les);24/09/1990 14:50;2500000;0;0;;;;;;;;;Non;;;;;;;;;;;;;
1990;2276;2B;2B112;Feliceto;24/09/1990 17:30;3000000;0;0;;;;;;;;;Non;;;;;;;;;;;;;
1991;2332;84;84133;Tour-d'Aigues (La);18/07/1991 16:35;17820000;0;0;;;;;;;;;Non;1;Probable;Involontaire (particulier);;;;;;;;;;
1991;2169;83;83021;Bras;26/07/1991 13:56;13000000;0;0;;;;;;;;;Non;;;;;;;;;;;;;
1991;2164;83;83111;Sainte-Anastasie-sur-Issole;26/07/1991 22:37;1500000;0;0;;;;;;;;;Non;;Inconnue;;;;;;;;;;;
1991;1845;34;34294;Saturargues;27/07/1991 12:10;1235000;0;0;;;;;;;;;Non;1;Inconnue;;;;;;;;;;;
1991;395;13;13008;Aurons;19/08/1991 15:58;3020000;0;0;;;;;;;;;Non;;;;;;;;;;;;;
1992;698;2A;2A139;Lecci;13/08/1992 14:10;1500000;0;0;;;;;;;;;Non;;Inconnue;;;;;;;;;;;
1992;699;2A;2A362;Zonza;13/08/1992 14:45;4000000;0;0;;;;;;;;;Non;;Inconnue;;;;;;;;;;;
1992;703;2A;2A247;Porto-Vecchio;13/08/1992 16:05;3000000;0;0;;;;;;;;;Non;;Inconnue;;;;;;;;;;;
1992;2055;2B;2B290;Speloncato;04/09/1992 12:20;2000000;0;0;;;;;;;;;Oui;;;;;;;;;;;;;
1992;2177;2B;2B074;Casanova;04/09/1992 12:45;3870000;0;0;;;;;;;;;Oui;;;;;;;;;;;;;
1992;2209;2B;2B110;Favalello;04/09/1992 12:59;3500000;0;0;;;;;;;;;Oui;;;;;;;;;;;;;
1992;2216;2B;2B199;Palasca;04/09/1992 13:39;2375000;0;0;;;;;;;;;Oui;;;;;;;;;;;;;
1992;2217;2B;2B199;Palasca;04/09/1992 13:39;56437500;0;0;;;;;;;;;Oui;;;;;;;;;;;;;
1992;2248;2B;2B347;Vezzani;04/09/1992 14:35;14000000;0;0;;;;;;;;;Oui;;;;;;;;;;;;;
1992;2287;2B;2B218;Piedicorte-di-Gaggio;04/09/1992 15:30;1370000;0;0;;;;;;;;;Oui;;;;;;;;;;;;;
1992;2223;2B;2B320;Tallone;04/09/1992 15:35;3000000;0;0;;;;;;;;;Oui;;;;;;;;;;;;;
1992;2250;2B;2B016;Antisanti;04/09/1992 16:50;1000000;0;0;;;;;;;;;Oui;;;;;;;;;;;;;
1992;2178;2B;2B002;Aghione;04/09/1992 17:10;1700000;0;0;;;;;;;;;Oui;3;;;;;;;;;;;;
1992;2142;2B;2B350;Vignale;04/09/1992 23:11;4000000;0;0;;;;;;;;;Oui;;;;;;;;;;;;;
1993;1;4;4202;Sausses;16/01/1993 15:44;1450000;0;0;;;;;;;;;Oui;1;Certaine;Involontaire (travaux);;;;;;;;;;
1993;2451;48;48147;Saint-Étienne-du-Valdonnez;07/02/1993 14:43;1300000;0;0;;;;;;;;;Oui;1;Certaine;Involontaire (travaux);;;;;;;;;;
1993;2506;66;66122;Nohèdes;21/02/1993 13:31;1000000;0;0;;;;;;;;;Oui;1;Probable;Involontaire (travaux);;;;;;;;;;
1993;1489;2B;2B050;Calvi;05/07/1993 13:25;1400000;0;0;;;;;;;;;Oui;1;Inconnue;;;;;;;;;;;
1993;1604;2B;2B123;Ghisonaccia;11/07/1993 15:28;3500000;0;0;;;;;;;;;Oui;4;Inconnue;;;;;;;;;;;
1993;2223;2B;2B049;Calenzana;20/07/1993 13:25;7800000;0;0;;;;;;;;;Oui;1;;;;;;;;;;;;
1993;1023;2A;2A092;Conca;25/07/1993 16:05;2450000;0;0;;;;;;;;;Non;1;;;;;;;;;;;;
1993;1838;2B;2B287;Sorio;05/08/1993 10:00;4700000;0;0;;;;;;;;;Oui;1;Inconnue;;;;;;;;;;;
1993;1839;2B;2B214;Piano;05/08/1993 12:07;1120000;0;0;;;;;;;;;Oui;1;Inconnue;;;;;;;;;;;
1993;1847;2B;2B110;Favalello;06/08/1993 13:10;3000000;0;0;;;;;;;;;Oui;1;Inconnue;;;;;;;;;;;
1993;2845;83;83050;Draguignan;06/08/1993 14:05;6250000;0;0;;;;;;;;;Non;;Certaine;Involontaire (travaux);;;;;;;;;;
1993;1848;2B;2B337;Valle-di-Rostino;06/08/1993 14:30;2620000;0;0;;;;;;;;;Oui;1;Inconnue;;;;;;;;;;;
1993;2027;2B;2B036;Bigorno;06/08/1993 16:05;1000000;0;0;;;;;;;;;Oui;1;;;;;;;;;;;;
1993;1849;2B;2B193;Omessa;06/08/1993 16:15;3300000;0;0;;;;;;;;;Oui;1;Inconnue;;;;;;;;;;;
1993;2257;2B;2B059;Canavaggia;07/08/1993 12:40;1000000;0;0;;;;;;;;;Oui;1;;;;;;;;;;;;
1993;1843;2B;2B039;Bisinchi;08/08/1993 15:00;1500000;0;0;;;;;;;;;Oui;1;Inconnue;;;;;;;;;;;
1993;479;7;7024;Banne;10/08/1993 15:55;1560000;0;0;;;;;;;;;Oui;4;Certaine;;;;;;;;;;;
1993;2431;34;34282;Saint-Paul-et-Valmalle;10/08/1993 17:58;1330000;0;0;;;;;;;;;Oui;1;Inconnue;;;;;;;;;;;
1993;720;13;13030;Cuges-les-Pins;17/08/1993 12:09;1050000;0;0;;;;;;;;;Non;5;Certaine;;;;;;;;;;;
1993;1187;2A;2A345;Vero;17/08/1993 12:18;1200000;0;0;;;;;;;;;Non;;;;;;;;;;;;;
1993;1196;2A;2A040;Bocognano;18/08/1993 17:22;3800000;0;0;;;;;;;;;Non;;;;;;;;;;;;;
1993;2222;2B;2B332;Urtaca;19/08/1993 14:10;8560000;0;0;;;;;;;;;Oui;1;;;;;;;;;;;;
1993;2258;2B;2B354;Vivario;22/08/1993 11:35;4880000;0;0;;;;;;;;;Oui;4;;;;;;;;;;;;
1993;2094;2B;2B289;Soveria;22/08/1993 11:35;1400000;0;0;;;;;;;;;Oui;1;;;;;;;;;;;;
1993;2098;2B;2B275;Sermano;22/08/1993 14:30;1000000;0;0;;;;;;;;;Oui;1;;;;;;;;;;;;
1993;36;5;5081;Montclus;22/08/1993 14:40;1500000;0;0;;;;;;;;;Non;1;Certaine;Involontaire (particulier);;;;;;;;;;
1993;35;5;5116;Réotier;23/08/1993 15:36;1500000;0;0;;;;;;;;;Non;1;Probable;;;;;;;;;;;
1993;1237;2A;2A351;Villanova;24/08/1993 11:03;1000000;0;0;;;;;;;;;Non;;;;;;;;;;;;;
1993;1238;2A;2A006;Alata;24/08/1993 11:57;2000000;0;0;;;;;;;;;Non;;;;;;;;;;;;;
1994;577;11;11262;Narbonne;06/06/1994 12:46;1010000;0;0;;;;;;;;;Non;1;Probable;;;;;;;;;;;
1994;1922;34;34016;Aumelas;20/07/1994 11:20;4640000;0;0;;;;;;;;;Oui;1;;;;;;;;;;;;
1994;1090;2A;2A041;Bonifacio;08/08/1994 12:40;38000000;0;0;;;;;;;;;Non;;Inconnue;;;;;;;;;;;
1994;1091;2A;2A276;Serra-di-Ferro;09/08/1994 14:17;23800000;0;0;;;;;;;;;Non;1;Probable;;;;;;;;;;;
1994;1092;2A;2A272;Sartène;09/08/1994 14:55;26550000;0;0;;;;;;;;;Non;1;Probable;;;;;;;;;;;
1994;1093;2A;2A017;Appietto;10/08/1994 12:40;4000000;0;0;;;;;;;;;Non;;Probable;;;;;;;;;;;
1994;326;6;6021;Bonson;11/08/1994 13:42;5160000;0;0;;;;;;;;;Non;4;Inconnue;;;;;;;;;;;
1994;1691;2B;2B193;Omessa;11/08/1994 15:37;3110000;0;0;;;;;;;;;Oui;1;;;;;;;;;;;;
1994;1433;2B;2B314;Santo-Pietro-di-Tenda;12/08/1994 07:30;9500000;0;0;;;;;;;;;Oui;5;;;;;;;;;;;;
1994;1025;2A;2A247;Porto-Vecchio;12/08/1994 11:15;37900000;0;0;;;;;;;;;Non;5;Inconnue;;;;;;;;;;;
1994;1692;2B;2B238;Poggio-di-Venaco;12/08/1994 12:10;4000000;0;0;;;;;;;;;Oui;1;;;;;;;;;;;;
1994;347;6;6060;Falicon;12/08/1994 13:21;1130000;0;0;;;;;;;;;Oui;1;Probable;;;;;;;;;;;
1994;1027;2A;2A272;Sartène;12/08/1994 13:30;1200000;0;0;;;;;;;;;Non;1;Inconnue;;;;;;;;;;;
1994;1696;2B;2B277;Serra-di-Fiumorbo;12/08/1994 15:10;1100000;0;0;;;;;;;;;Oui;1;;;;;;;;;;;;
1994;1397;2B;2B190;Olmi-Cappella;16/08/1994 11:00;1300000;0;0;;;;;;;;;Oui;4;;;;;;;;;;;;
1994;2128;66;66042;Cassagnes;24/08/1994 12:41;2000000;0;0;;;;;;;;;Oui;;Certaine;Involontaire (particulier);;;;;;;;;;
1994;609;11;11144;Fitou;24/08/1994 22:39;2700000;0;0;;;;;;;;;Non;6;Certaine;;;;;;;;;;;
1994;1477;2B;2B150;Lumio;25/08/1994 14:10;1000000;0;0;;;;;;;;;Oui;1;;;;;;;;;;;;
1994;1589;2B;2B223;Pietralba;25/08/1994 16:11;4950000;0;0;;;;;;;;;Oui;1;;;;;;;;;;;;
1994;2136;66;66048;Cerbère;26/08/1994 12:09;1500000;0;0;;;;;;;;;Oui;;Certaine;Naturelle;;;;;;;;;;
1994;2403;83;83100;Puget-Ville;26/08/1994 22:00;1250000;0;0;;;;;;;;;Oui;4;Certaine;;;;;;;;;;;
1994;784;13;13054;Marignane;02/09/1994 12:50;2300000;0;0;;;;;;;;;Non;;;;;;;;;;;;;
1994;1097;2A;2A181;Ocana;08/09/1994 12:40;1000000;0;0;;;;;;;;;Non;;Certaine;;;;;;;;;;;
1994;1617;2B;2B281;Sisco;09/09/1994 11:08;2760000;0;0;;;;;;;;;Oui;1;;;;;;;;;;;;
1995;1137;2B;2B293;Sant'Andréa-di-Cotone;27/01/1995 03:06;3000000;0;0;;;;;;;;;Oui;1;;;;;;;;;;;;
1995;1199;2B;2B145;Loreto-di-Casinca;16/02/1995 20:00;2000000;0;0;;;;;;;;;Oui;1;;;;;;;;;;;;
1995;1886;66;66023;Bouleternère;01/03/1995 20:55;2000000;0;0;;;;;;;;;Oui;3;Inconnue;;;;;;;;;;;
1995;366;7;7107;Jaujac;14/03/1995 07:20;2280000;0;0;;;;;;;;;Oui;1;Inconnue;;;;;;;;;;;
1995;198;6;6163;Tende;28/03/1995 16:41;4410000;0;0;;;;;;;;;Oui;1;Inconnue;;;;;;;;;;;
1995;1902;66;66088;Ille-sur-Têt;01/04/1995 15:55;3000000;0;0;;;;;;;;;Oui;1;Inconnue;;;;;;;;;;;
1995;1916;66;66118;Montner;21/05/1995 13:32;4500000;0;0;;;;;;;;;Oui;1;Inconnue;;;;;;;;;;;
1995;609;13;13112;Velaux;23/06/1995 14:52;9230000;0;0;;;;;;;;;Non;4;Inconnue;;;;;;;;;;;
1995;1918;66;66111;Montalba-le-Château;24/06/1995 15:50;1400000;0;0;;;;;;;;;Oui;1;Inconnue;;;;;;;;;;;
1995;1686;30;30174;Montaren-et-Saint-Médiers;28/07/1995 12:29;2060000;0;0;;;;;;;;;Oui;5;Inconnue;;;;;;;;;;;
1995;2164;83;83035;Castellet (Le);28/07/1995 15:31;2800000;0;0;;;;;;;;;Oui;4;;;;;;;;;;;;
1995;536;11;11185;Lagrasse;21/08/1995 05:04;1940000;0;0;;;;;;;;;Non;4;Probable;;;;;;;;;;;
1995;1949;66;66048;Cerbère;25/08/1995 17:19;1700000;0;0;;;;;;;;;Oui;4;Inconnue;;;;;;;;;;;
1995;685;13;13051;Lançon-Provence;29/08/1995 15:09;3200000;0;0;;;;;;;;;Non;1;Certaine;;;;;;;;;;;
1995;701;13;13050;Lambesc;29/08/1995 16:43;3370000;0;0;;;;;;;;;Non;4;;;;;;;;;;;;
1995;540;11;11145;Fleury;08/09/1995 12:16;2970000;0;0;;;;;;;;;Non;4;Probable;;;;;;;;;;;
1995;1520;2B;2B199;Palasca;09/09/1995 12:55;10560000;0;0;;;;;;;;;Oui;1;Probable;;;;;;;;;;;
1996;1621;83;83118;Saint-Raphaël;22/06/1996 12:57;1410000;60000;1350000;;;;;;;;;Oui;1;Probable;;;;;;;;;;;
1996;635;2A;2A247;Porto-Vecchio;08/07/1996 13:05;1950000;247500;1702500;;;;;;;;;Non;1;Certaine;Accidentelle;;;;;;;;;;
1996;969;2B;2B314;Santo-Pietro-di-Tenda;25/07/1996 13:20;3000000;0;3000000;;;;;;;;;Oui;1;Probable;Involontaire (travaux);;;;;;;;;;
1996;1444;66;66148;Port-Vendres;30/07/1996 19:15;1000000;50000;950000;;;;;;;;;Oui;3;Probable;;;;;;;;;;;
1997;168;6;6127;Saint-Martin-Vésubie;17/02/1997 09:36;1000000;1000000;0;;;;;;;;;Non;4;Probable;;;;;;;;;;;
1997;852;2A;2A092;Conca;19/03/1997 10:55;4290000;2295000;1995000;;;;;;;;;Oui;1;Probable;Involontaire (travaux);;;;;;;;;;
1997;2244;66;66023;Bouleternère;19/03/1997 15:33;1200000;0;1200000;;;;;;;;;Oui;1;Certaine;;;;;;;;;;;
1997;245;6;6062;Fontan;22/03/1997 07:30;1200000;600000;600000;;;;;;;;;Oui;4;Inconnue;;;;;;;;;;;
1997;2039;30;30080;Chamborigaud;04/04/1997 21:00;2770000;2770000;0;;;;;;;;;Oui;4;Inconnue;;;;;;;;;;;
1997;2191;48;48139;Saint-Bonnet-de-Montauroux;11/04/1997 13:59;1000000;200000;800000;;;;;;;;;Oui;1;Probable;Involontaire (particulier);;;;;;;;;;
1997;2731;84;84101;Roque-sur-Pernes (La);11/04/1997 16:38;1040000;1040000;0;;;;;;;;;Oui;5;Probable;;;;;;;;;;;
1997;2542;83;83030;Camps-la-Source;19/07/1997 02:35;1200000;1200000;0;;;;;;;;;Oui;3;Certaine;;;;;;;;;;;
1997;766;13;13106;Septèmes-les-Vallons;25/07/1997 11:04;34500000;10950000;23550000;;;;;;;;;Non;1;Probable;Accidentelle;;;;;;;;;;
1997;765;13;13088;Rove (Le);25/07/1997 21:34;4650000;3050000;1600000;;;;;;;;;Oui;4;Probable;Malveillance;;;;;;;;;;
1997;773;13;13103;Salon-de-Provence;26/07/1997 15:54;2240000;420000;1820000;;;;;;;;;Oui;1;Certaine;Malveillance;;;;;;;;;;
1997;779;13;13001;Aix-en-Provence;01/08/1997 22:55;2550000;1630000;920000;;;;;;;;;Oui;4;Probable;Malveillance;;;;;;;;;;
1997;1912;2B;2B314;Santo-Pietro-di-Tenda;12/10/1997 09:20;2500000;0;2500000;;;;;;;;;Oui;1;Probable;Malveillance;;;;;;;;;;
1997;1805;2B;2B054;Campile;12/10/1997 13:18;12000000;0;12000000;;;;;;;;;Non;1;Inconnue;;;;;;;;;;;
1998;2;4;4023;Bayons;13/01/1998 05:51;1480000;30000;1450000;;;;;;;;;Oui;1;Probable;Malveillance;;;;;;;;;;
1998;23;4;4016;Authon;16/02/1998 15:32;1020000;30000;990000;;;;;;;;;Oui;1;Certaine;Malveillance;;;;;;;;;;
1998;67;4;4148;Peyroules;16/03/1998 06:31;1300000;30000;1270000;;;;;;;;;Oui;1;Probable;Involontaire (travaux);;;;;;;;;;
1998;268;6;6023;Breil-sur-Roya;27/03/1998 19:20;1000000;500000;500000;;;;;;;;;Oui;4;Inconnue;;;;;;;;;;;
1998;1997;34;34024;Balaruc-le-Vieux;05/07/1998 16:15;2500000;1500000;1000000;;;;;;;;;Oui;1;Probable;Accidentelle;;;;;;;;;;
1998;745;13;13055;Marseille;08/07/1998 14:20;3620000;417000;3203000;;;;;;;;;Non;1;Probable;Malveillance;;;;;;;;;;
1998;705;13;13072;Peynier;09/07/1998 13:51;2600000;2322000;278000;;;;;;;;;Oui;4;Certaine;Involontaire (particulier);;;;;;;;;;
1998;1427;2B;2B306;Santa-Lucia-di-Mercurio;12/08/1998 13:00;3200000;0;3200000;;;;;;;;;Oui;1;Certaine;Malveillance;;;;;;;;;;
1998;1430;2B;2B096;Corte;12/08/1998 13:42;1000000;0;1000000;;;;;;;;;Oui;1;Certaine;Malveillance;;;;;;;;;;
1998;1482;2B;2B170;Morsiglia;21/08/1998 18:20;18800000;0;18800000;;;;;;;;;Non;1;Certaine;Accidentelle;;;;;;;;;;
1998;1919;30;30045;Bordezac;22/08/1998 19:33;1020000;1020000;0;;;;;;;;;Oui;4;Probable;Malveillance;;;;;;;;;;
1998;593;11;11267;Ornaisons;24/08/1998 18:00;1438600;828600;610000;;;;;;;;;Non;4;Inconnue;;;;;;;;;;;
1998;1913;30;30085;Collias;28/08/1998 17:30;1700000;700000;1000000;;;;;;;;;Oui;4;Probable;Malveillance;;;;;;;;;;
1998;1606;2B;2B059;Canavaggia;05/09/1998 15:31;1800000;0;1800000;;;;;;;;;Oui;1;Certaine;Malveillance;;;;;;;;;;
1998;1597;2B;2B296;Sant'Antonino;05/09/1998 16:20;1200000;0;1200000;;;;;;;;;Oui;1;Inconnue;;;;;;;;;;;
1998;1609;2B;2B043;Brando;06/09/1998 02:30;1000000;0;1000000;;;;;;;;;Oui;1;Inconnue;;;;;;;;;;;
1998;356;6;6043;Coaraze;14/09/1998 11:03;1100000;0;1100000;;;;;;;;;Oui;1;Probable;Malveillance;;;;;;;;;;
1998;1763;2B;2B124;Ghisoni;29/10/1998 19:40;3800000;2800000;1000000;;;;;;;;;Oui;4;Inconnue;;;;;;;;;;;
1998;386;6;6086;Moulinet;18/12/1998 04:20;2473000;0;2473000;;;;;;;;;Oui;1;Probable;Malveillance;;;;;;;;;;
1998;555;7;7315;Souche (La);18/12/1998 13:43;1280000;50000;1230000;;;;;;;;;Oui;1;Probable;Malveillance;;;;;;;;;;
1999;233;7;7107;Jaujac;01/03/1999 16:14;1520000;75000;1445000;;;;;;;;;Oui;1;Inconnue;;;;;;;;;;;
1999;174;6;6070;Gréolières;13/03/1999 10:00;2135000;0;2135000;;;;;;;;;Oui;1;;;;;;;;;;;;
1999;5927;34;34019;Avène;20/03/1999 03:47;1000000;300000;700000;;;;;;;;;;;Probable;Involontaire (particulier);;;;;;;;;;
1999;253;7;7104;Issamoulenc;20/03/1999 16:12;1200000;0;1200000;;;;;;;;;Oui;1;Inconnue;;;;;;;;;;;
1999;641;48;48004;Altier;21/03/1999 17:45;1880000;570000;1310000;;;;;;;;;Oui;;Certaine;Malveillance;;;;;;;;;;
1999;3343;83;83046;Cotignac;21/06/1999 13:20;4290000;4290000;0;;;;;;;;;Oui;4;Certaine;Involontaire (particulier);;;;;;30;46;O;30;
1999;2971;13;13016;Bouilladisse (La);25/06/1999 14:26;1630000;480000;1150000;;;;;;;;;Oui;5;Certaine;Malveillance;;;;;;;20;SO;;
1999;6973;2A;2A004;Ajaccio;04/07/1999 13:25;5050000;490000;4560000;;;;;;;;;Oui;1;Probable;Malveillance;;;;;;;;;;
1999;7732;2B;2B314;Santo-Pietro-di-Tenda;14/07/1999 16:04;3450000;0;3450000;;;;;;;;;Oui;1;Inconnue;;;;;;;;;;;
1999;7919;2B;2B306;Santa-Lucia-di-Mercurio;22/07/1999 14:04;3000000;0;3000000;;;;;;;;;Oui;1;Inconnue;;;;;;;;;;;
1999;7973;13;13100;Saint-Rémy-de-Provence;22/07/1999 20:56;23380000;7660000;15720000;;;;;;;;;Oui;4;Probable;Malveillance;;;;;;;;;;
1999;7633;2A;2A212;Piana;24/07/1999 12:52;2250000;0;2250000;;;;;;;;;Oui;1;Certaine;Accidentelle;;;;;;;;;;
1999;8277;2B;2B123;Ghisonaccia;24/07/1999 14:35;1400000;500000;900000;;;;;;;;;Oui;5;Inconnue;;;;;;;;;;;
1999;8281;2B;2B332;Urtaca;24/07/1999 16:34;2420000;0;2420000;;;;;;;;;Oui;1;Inconnue;;;;;;;;;;;
1999;8740;2B;2B120;Furiani;11/08/1999 14:46;1600000;0;1600000;;;;;;;;;Oui;1;Inconnue;;;;;;;;;;;
1999;8766;2B;2B199;Palasca;12/08/1999 19:00;3900000;0;3900000;;;;;;;;;Oui;1;Inconnue;;;;;;;;;;;
1999;8830;2B;2B112;Feliceto;17/08/1999 14:40;4150000;0;4150000;;;;;;;;;Oui;1;Inconnue;;;;;;;;;;;
1999;8857;2B;2B140;Lento;20/08/1999 09:30;2500000;0;2500000;;;;;;;;;Oui;1;Inconnue;;;;;;;;;;;
1999;7986;13;13021;Carry-le-Rouet;21/08/1999 00:40;1260000;1140000;120000;;;;;;;;;Oui;4;Probable;Malveillance;;;;;;;;;;
1999;9560;2B;2B235;Pioggiola;27/10/1999 11:14;1400000;0;1400000;;;;;;;;;Oui;1;Inconnue;;;;;;;;;;;
2000;6091;2B;2B123;Ghisonaccia;08/07/2000 13:52;4100000;0;4100000;;;;;;;;;;1;Probable;Malveillance;;;;;;;;;;
2000;5829;2B;2B123;Ghisonaccia;08/07/2000 13:52;2000000;0;2000000;;;;;;;;;;1;Probable;Malveillance;;;;;;;;;;
2000;4831;13;13029;Cornillon-Confoux;08/07/2000 15:47;7550000;0;0;;;;;;;;;Non;;Certaine;Involontaire (travaux);;;;;;;;;;
2000;7047;83;83027;Cadière-d'Azur (La);08/07/2000 17:31;4600000;2400000;2200000;;;;;;;;;Oui;1;Certaine;Malveillance;;;;;;;;;;
2000;4465;13;13051;Lançon-Provence;08/07/2000 18:57;1410000;0;0;;;;;;;;;Non;;Probable;Malveillance;;;;;;;;;;
2000;6054;34;34319;Vailhan;07/08/2000 11:08;1000000;500000;500000;;;;;;;;;Non;1;Probable;Malveillance;;;;;;;;;;
2000;8287;2B;2B223;Pietralba;19/08/2000 11:26;2390000;0;2390000;;;;;;;;;;1;Inconnue;;;;;;;;;;;
2000;9011;2A;2A103;Cuttoli-Corticchiato;19/08/2000 13:55;3870000;0;0;;;;;;;;;Non;1;Probable;Malveillance;;;;;;;;;;
2000;6736;7;7342;Villevocance;20/08/2000 00:51;8980000;8140000;840000;;;;;;;;;Oui;5;Certaine;Involontaire (particulier);;;;;;;;;;
2000;8357;2B;2B096;Corte;22/08/2000 12:32;31020000;21000000;10020000;;;;;;;;;Non;4;Certaine;Malveillance;;;;;;;;;;
2000;9045;2A;2A174;Murzo;23/08/2000 23:49;2200000;0;0;;;;;;;;;Oui;1;Certaine;Malveillance;;;;;;;;;;
2000;8358;2B;2B354;Vivario;24/08/2000 14:00;39020000;0;39020000;;;;;;;;;Non;4;Certaine;Malveillance;;;;;;;;;;
2000;8333;2B;2B059;Canavaggia;25/08/2000 11:15;1168900;0;1168900;;;;;;;;;;1;Probable;Malveillance;;;;;;;;;;
2000;9055;2A;2A006;Alata;25/08/2000 12:45;1900000;0;0;;;;;;;;;Non;1;Probable;Malveillance;;;;;;;;;;
2000;9058;2A;2A031;Bastelica;25/08/2000 13:10;2500000;0;0;;;;;;;;;Non;4;Certaine;Malveillance;;;;;;;;;;
2000;8288;2B;2B136;Lama;25/08/2000 13:24;6930000;0;6930000;;;;;;;;;Non;1;Probable;Malveillance;;;;;;;;;;
2000;9059;2A;2A271;Sarrola-Carcopino;25/08/2000 13:30;1300000;0;0;;;;;;;;;Non;1;Certaine;Malveillance;;;;;;;;;;
2000;8290;2B;2B239;Poggio-d'Oletta;26/08/2000 16:05;1530000;0;1530000;;;;;;;;;;1;Probable;Malveillance;;;;;;;;;;
2000;8289;2B;2B239;Poggio-d'Oletta;26/08/2000 16:05;5450000;0;5450000;;;;;;;;;;1;Probable;Malveillance;;;;;;;;;;
2000;7309;84;84090;Peypin-d'Aigues;27/08/2000 16:54;1870000;1575000;295000;;;;;;;;;Oui;4;Certaine;Malveillance;;;;;;;;;;
2000;7090;66;66148;Port-Vendres;27/08/2000 20:00;5000000;0;0;;;;;;;;;Oui;1;Certaine;Malveillance;;;;;;;;;;
2000;8291;2B;2B281;Sisco;27/08/2000 20:10;1330000;0;1330000;;;;;;;;;;1;Probable;Malveillance;;;;;;;;;;
2000;8249;2B;2B182;Occhiatana;03/09/2000 01:01;4000000;0;4000000;;;;;;;;;;1;Probable;Malveillance;;;;;;;;;;
2000;8261;2B;2B182;Occhiatana;03/09/2000 01:01;4260000;0;4260000;;;;;;;;;;1;Probable;Malveillance;;;;;;;;;;
2000;8319;2B;2B121;Galéria;08/09/2000 14:32;1393800;0;1393800;;;;;;;;;;1;Probable;Malveillance;;;;;;;;;;
2001;469;2B;2B274;Scolca;22/03/2001 13:35;3000000;0;0;;;;;;;;;Oui;1;Inconnue;;;;;;;;;;;
2001;9135;34;34016;Aumelas;27/06/2001 15:01;1000000;10000;990000;;;;;;;;;;1;Probable;Malveillance;;;;;;;;;;
2001;2764;2A;2A349;Viggianello;05/07/2001 13:05;2500000;0;0;;;;;;;;;;1;Certaine;Accidentelle;;;;;;;;;;
2001;8324;2B;2B171;Muracciole;07/07/2001 11:30;3960000;0;0;;;;;;;;;;;Certaine;Malveillance;;;;;;;;;;
2001;4715;2B;2B320;Tallone;05/08/2001 12:50;1611800;0;0;;;;;;;;;;;Probable;Malveillance;;;;;;;;;;
2001;5441;13;13071;Pennes-Mirabeau (Les);10/08/2001 13:55;3360000;0;0;;;;;;;;;Oui;;Probable;Malveillance;;;;;;;;;;
2001;6017;11;11145;Fleury;10/08/2001 17:23;5515300;1950300;3565000;;;;;;;;;Non;1;Inconnue;;;;;;;;;;;
2001;8070;13;13055;Marseille;10/08/2001 22:00;4680000;0;0;;;;;;;;;Non;;;;;;;;;;;;;
2001;6064;2A;2A330;Ucciani;23/08/2001 12:29;1000000;0;0;;;;;;;;;Non;1;Probable;Malveillance;;;;;;;;;;
2001;6018;11;11223;Mas-des-Cours;28/08/2001 15:04;3674800;10000;3664800;;;;;;;;;Non;1;Certaine;Involontaire (particulier);;;;;;;22;E;;
2001;6278;34;34338;Villeneuvette;29/08/2001 20:56;1050000;400000;650000;;;;;;;;;Non;4;Probable;Malveillance;;;;;;;;;;
2001;7946;2B;2B347;Vezzani;31/08/2001 11:44;5256500;0;0;;;;;;;;;;4;Inconnue;;;;;;;;;;;
2001;7445;83;83006;Artigues;31/08/2001 15:54;11220000;8470000;2750000;;;;;;;;;Non;1;Certaine;Accidentelle;;;;;;;;;;
2001;7992;2B;2B293;Sant'Andréa-di-Cotone;01/09/2001 13:28;2432500;0;0;;;;;;;;;;3;Probable;Involontaire (travaux);;;;;;;;;;
2001;8001;2B;2B148;Lucciana;01/09/2001 14:08;5070000;0;0;;;;;;;;;;3;Inconnue;;;;;;;;;;;
2001;7993;2B;2B252;Pruno;01/09/2001 14:54;1387600;0;0;;;;;;;;;;5;Probable;Malveillance;;;;;;;;;;
2001;8089;2B;2B293;Sant'Andréa-di-Cotone;02/09/2001 15:32;2363800;0;0;;;;;;;;;;1;Inconnue;;;;;;;;;;;
2001;6633;13;13088;Rove (Le);04/09/2001 23:17;6240000;0;0;;;;;;;;;Oui;;Inconnue;;;;;;;;;;;
2001;8115;2B;2B355;Volpajola;05/09/2001 10:27;1390000;0;0;;;;;;;;;;5;Inconnue;;;;;;;;;;;
2001;7017;6;6157;Vence;05/09/2001 10:56;1310000;0;1310000;;;;;;;;;Oui;1;Inconnue;;;;;;;;;;;
2001;7782;66;66024;Boulou (Le);07/09/2001 14:29;3500000;0;0;;;;;;;;;Oui;3;Certaine;Malveillance;;;;;;;;;;
2001;6981;34;34190;Oupia;08/09/2001 08:37;1920000;800000;1120000;;;;;;;;;Non;1;Probable;Malveillance;;;;;;;;;;
2001;6794;11;11048;Boutenac;09/09/2001 04:27;3263500;2556500;707000;;;;;;;;;Non;1;Certaine;Malveillance;;;;;;;;;;
2001;8154;2B;2B257;Rapale;09/09/2001 09:25;1407500;0;0;;;;;;;;;;1;Probable;Involontaire (particulier);;;;;;;;;;
2001;8133;2B;2B188;Olmeta-di-Tuda;09/09/2001 12:35;3522000;0;0;;;;;;;;;;;Inconnue;;;;;;;;;;;
2001;8144;2B;2B033;Bastia;09/09/2001 13:07;3750000;0;0;;;;;;;;;;1;;;;;;;;;;;;
2001;8132;2B;2B275;Sermano;09/09/2001 13:26;1805200;0;0;;;;;;;;;;1;Inconnue;;;;;;;;;;;
2001;6853;4;4209;Sisteron;09/09/2001 14:47;1270000;1120000;150000;;;;;;;;;Oui;1;Certaine;Malveillance;;;;;;;;;;
2001;7556;83;83035;Castellet (Le);09/09/2001 16:40;8000000;5400000;2600000;;;;;;;;;Oui;;Certaine;Accidentelle;;;;;;;;;;
2001;6828;13;13056;Martigues;10/09/2001 15:22;1930000;0;0;;;;;;;;;Oui;;Inconnue;;;;;;;;;;;
2001;7103;7;7023;Balazuc;11/09/2001 15:51;2182800;0;2182800;;;;;;;;;Oui;1;Inconnue;;;;;;;;;;;
2001;7695;83;83035;Castellet (Le);16/09/2001 15:44;14320000;12290000;2030000;;;;;;;;;Oui;4;Probable;Accidentelle;;;;;;;;;;
2001;7388;13;13092;Saint-Chamas;16/09/2001 22:10;1620000;0;0;;;;;;;;;Oui;;Probable;Malveillance;;;;;;;;;;
2001;9834;2B;2B224;Pietracorbara;30/12/2001 07:55;2250400;0;0;;;;;;;;;Oui;;Inconnue;;;;;;;;;;;
2002;1167;6;6080;Marie;13/01/2002 14:47;1097000;370000;727000;;;;;;;;;Oui;;Inconnue;;;;;;;;;;;
2002;1177;6;6132;Saorge;20/01/2002 06:11;2260000;1620000;640000;;;;;;;;;Oui;;Inconnue;;;;;;;;;;;
2002;1185;6;6070;Gréolières;28/01/2002 12:10;2005000;0;2005000;;;;;;;;;Oui;1;Inconnue;;;;;;;;;;;
2002;3299;2A;2A254;Quenza;30/01/2002 07:00;1270000;0;0;;;;;;;;;Non;1;Probable;Malveillance;;;;;;;;;;
2002;1589;6;6074;Lantosque;12/03/2002 11:25;1193000;1193000;0;;;;;;;;;Oui;;Inconnue;;;;;;;;;;;
2002;3287;2B;2B286;Sorbo-Ocagnano;24/03/2002 08:46;1000000;0;0;;;;;;;;;;;;;;;;;;;;;;
2002;2645;4;4019;Barcelonnette;03/04/2002 15:10;2400000;1700000;700000;;;;;;;;;Oui;1;Certaine;Involontaire (particulier);;;;;;;;;;
2002;6030;34;34341;Villeveyrac;24/07/2002 05:54;1468000;8000;1460000;;;;;;;;;Non;1;Probable;Malveillance;;;;;;;;;;
2002;7981;11;11203;Lézignan-Corbières;24/07/2002 12:44;1017000;577000;440000;;;;;;;;;Non;4;Probable;Malveillance;;;;;;53;50;O;24;
2002;7196;4;4152;Pierrevert;24/07/2002 15:50;6170000;5670000;500000;;;;;;;;;Oui;4;Certaine;Accidentelle;;;;;;;;;;
2002;6089;13;13056;Martigues;25/07/2002 18:29;2200000;0;0;;;;;;;;;Oui;;Probable;Malveillance;;;;;;;;;;
2002;7423;2A;2A092;Conca;12/08/2002 11:45;3050000;0;0;;;;;;;;;;1;Certaine;Malveillance;;;;;;;;;;
2003;9628;48;48170;Saint-Martin-de-Boubaux;03/03/2003 00:00;3000000;;;;;;;;;;;;;;;;;;;;;;;;
2003;9630;48;48170;Saint-Martin-de-Boubaux;03/04/2003 00:00;2840000;2840000;0;;;;;;;;;Non;5;Probable;Involontaire (particulier);;;;;;;;;;
2003;3426;2A;2A098;Coti-Chiavari;06/05/2003 11:57;1750000;0;0;;;;;;;;;Non;1;Probable;Involontaire (travaux);;;;;;;;;;
2003;7186;2B;2B123;Ghisonaccia;13/06/2003 13:04;1220000;0;0;;;;;;;;;Non;;Probable;Malveillance;;;;;;;;;;
2003;2974;13;13071;Pennes-Mirabeau (Les);18/06/2003 14:50;1640000;0;0;;;;;;;;;Oui;;Probable;Malveillance;;;;;;;;;;
2003;3605;26;26127;Eygaliers;24/06/2003 12:56;1000000;980000;20000;;;;;;;;;Oui;4;Inconnue;;;;;;;;;;;
2003;7757;2B;2B314;Santo-Pietro-di-Tenda;01/07/2003 09:23;13100000;0;0;;;;;;;;;;1;;;;;;;;;;;;
2003;8018;2B;2B029;Barbaggio;01/07/2003 09:37;5170000;0;0;;;;;;;;;;3;;;;;;;;;;;;
2003;8023;2B;2B185;Oletta;02/07/2003 10:23;11260000;0;0;;;;;;;;;;1;;;;;;;;;;;;
2003;8031;2B;2B165;Moncale;03/07/2003 15:07;4920000;0;0;;;;;;;0;;Non;1;;;;;;;;;;;;
2003;3855;34;34016;Aumelas;03/07/2003 18:18;1490000;600000;890000;;;;;;;;;Oui;1;Probable;Malveillance;;;;;;;;;;
2003;4119;13;13118;Coudoux;04/07/2003 11:51;1730000;0;0;;;;;;;;;Oui;;Probable;Malveillance;;;;;;;;;;
2003;6326;5;5006;Argentière-la-Bessée (L');07/07/2003 17:49;2450000;2100000;350000;;;;;;;;;Non;4;Certaine;Involontaire (travaux);;;;;;;;;;
2003;4235;34;34061;Causses-et-Veyran;08/07/2003 16:07;1770000;500000;1270000;;;;;;;;;Non;1;Certaine;Involontaire (particulier);;;;;;;;;;
2003;4291;13;13048;Jouques;08/07/2003 17:11;1143000;0;0;;;;;;;;;Non;;Probable;Malveillance;;;;;;;;;;
2003;6896;34;34101;Florensac;09/07/2003 13:06;1450000;750000;700000;;;;;;;;;Oui;4;Certaine;Malveillance;;;;;;;;;;
2003;5287;2A;2A345;Vero;15/07/2003 14:00;30240000;0;0;;;;;;;;;;1;Probable;Malveillance;;;;;;;;;;
2003;5458;13;13019;Cabriès;16/07/2003 11:45;2550000;0;0;;;;;;;;;Oui;;Certaine;Malveillance;;;;;;;;;;
2003;5584;66;66080;Fontpédrouse;17/07/2003 11:45;2000000;1200000;800000;;;;;;;;;Oui;1;Probable;Accidentelle;;;;;;;;;;
2003;8238;83;83148;Vidauban;17/07/2003 14:35;67440000;0;0;;;;;;;;;Oui;1;Probable;Malveillance;;;;;;;;;;
2003;5461;4;4081;Esparron-de-Verdon;17/07/2003 16:59;6480000;5810000;670000;;;;;;;;;Oui;4;Probable;Malveillance;;;;;;;;;;
2003;5171;84;84144;Viens;21/07/2003 14:36;1200000;1100000;100000;;;;;;;;;Oui;4;Probable;Malveillance;;;;;;;;;;
2003;5322;2A;2A001;Afa;22/07/2003 22:00;2420000;0;0;;;;;;;;;Non;1;Probable;Malveillance;;;;;;;;;;
2003;9633;48;48094;Massegros (Le);23/07/2003 15:00;5003343;0;0;;;;;;;0;;Oui;4;Inconnue;;;;;;;;;;;
2003;8522;2B;2B281;Sisco;24/07/2003 22:44;4410000;0;0;;;;;;;;;;;;;;;;;;;;;;
2003;8201;83;83061;Fréjus;25/07/2003 14:42;9240000;5640000;3600000;;;;;;;;;Oui;1;Probable;Involontaire (particulier);;;;;;;;;;
2003;8202;83;83099;Puget-sur-Argens;28/07/2003 10:18;1110000;320000;790000;;;;;;;;;Oui;4;Probable;Malveillance;;;;;;;;;;
2003;5815;2A;2A041;Bonifacio;28/07/2003 14:57;4770000;0;0;;;;;;;;;Non;1;Probable;Malveillance;;;;;;;;;;
2003;8239;83;83148;Vidauban;28/07/2003 16:28;56460000;48840000;7620000;;;;;;;;;Oui;3;Probable;Malveillance;;;;;;;;;;
2003;8226;83;83085;Motte (La);28/07/2003 18:32;19600000;19550000;50000;;;;;;;;;Oui;4;Probable;Malveillance;;;;;;;;;;
2003;5862;13;13050;Lambesc;30/07/2003 13:13;4630000;0;0;;;;;;;;;Non;;Probable;Malveillance;;;;;;;;;;
2003;8586;2B;2B037;Biguglia;02/08/2003 12:11;7826800;0;0;;;;;;;;;;;;;;;;;;;;;;
2003;9634;48;48074;Hures-la-Parade;03/08/2003 20:28;14140000;14140000;0;;;;;;;0;;Non;4;Probable;Involontaire (particulier);;;;;;;;;;
2003;6670;6;6077;Lucéram;05/08/2003 22:40;12254300;6310000;5944300;;;;;;;;;Oui;;Certaine;Naturelle;;;;;;;;;;
2003;6671;6;6077;Lucéram;05/08/2003 22:45;3660000;3500000;160000;;;;;;;;;Oui;;Certaine;Naturelle;;;;;;;;;;
2003;7949;6;6077;Lucéram;06/08/2003 23:30;4171500;3770000;401500;;;;;;;;;Oui;4;Certaine;Naturelle;;;;;;;;;;
2003;6049;11;11298;Pradelles-en-Val;07/08/2003 16:00;1983800;379200;1604600;;;;;;;;;Oui;1;Inconnue;;;;;;;;;;;
2003;6620;2A;2A024;Aullène;07/08/2003 17:36;9360000;0;0;;;;;;;;;Non;1;Probable;Naturelle;;;;;;;;;;
2003;6632;2A;2A326;Tolla;09/08/2003 12:21;9440000;0;0;;;;;;;;;Non;1;Probable;Naturelle;;;;;;;;;;
2003;6636;2A;2A174;Murzo;09/08/2003 16:38;1800000;0;0;;;;;;;;;Non;4;Probable;Naturelle;;;;;;;;;;
2003;9635;48;48148;Saint-Étienne-Vallée-Française;10/08/2003 13:16;6500000;0;0;;;;;;;0;;Non;5;Inconnue;;;;;;;;;;;
2003;6488;7;7124;Lafarre;10/08/2003 13:57;13460800;12960800;500000;;;;;;;;;Oui;5;Certaine;Naturelle;;;;;;;;;;
2003;6514;7;7045;Burzet;10/08/2003 20:30;1172300;0;1172300;;;;;;;;;Oui;1;Inconnue;;;;;;;;;;;
2003;8847;2B;2B150;Lumio;12/08/2003 15:06;2013600;0;0;;;;;;;;;;1;;;;;;;;;;;;
2003;9027;2B;2B281;Sisco;14/08/2003 23:20;3821200;0;0;;;;;;;;;;1;;;;;;;;;;;;
2003;9576;83;83063;Garde-Freinet (La);21/08/2003 16:55;3780000;3780000;0;;;;;;;;;Oui;5;Probable;Malveillance;;;;;;;;;;
2003;9103;2B;2B156;Mausoléo;25/08/2003 14:14;23693100;0;0;;;;;;;;;;3;;;;;;;;;;;;
2003;9110;2B;2B309;Santa-Maria-di-Lota;26/08/2003 15:38;43780200;0;0;;;;;;;;;;4;;;;;;;;;;;;
2003;7309;34;34132;Lauroux;26/08/2003 15:44;1259200;1000000;259200;;;;;;;;;Oui;1;Certaine;Involontaire (travaux);;;;;;;;;;
2003;9117;2B;2B314;Santo-Pietro-di-Tenda;29/08/2003 00:07;55325100;0;0;;;;;;;;;;1;;;;;;;;;;;;
2003;9126;2B;2B122;Gavignano;29/08/2003 13:21;11137800;0;0;;;;;;;;;;1;;;;;;;;;;;;
2003;9345;2B;2B190;Olmi-Cappella;29/08/2003 19:22;1926300;0;0;;;;;;;;;;1;;;;;;;;;;;;
2003;8284;83;83109;Roque-Esclapon (La);30/08/2003 07:20;1000000;600000;400000;;;;;;;;;Oui;4;Certaine;Involontaire (travaux);;;;;;;;;;
2003;8265;83;83031;Cannet-des-Maures (Le);31/08/2003 09:38;27260000;0;0;;;;;;;;;Oui;5;Probable;Malveillance;;;;;;;;;;
2003;9141;2B;2B193;Omessa;31/08/2003 13:52;1156500;0;0;;;;;;;;;;3;;;;;;;;;;;;
2003;7983;6;6027;Cagnes-sur-Mer;31/08/2003 14:34;2340000;1410000;930000;;;;;;;;;Oui;4;Inconnue;;;;;;;;;;;
2003;8386;13;13034;Eygalières;01/09/2003 20:01;7500000;;;;;;;;;;;;;;;;;;;;;;;;
2003;9600;2B;2B107;Ersa;17/10/2003 11:53;1568800;0;0;;;;;;;;;Oui;;Certaine;Malveillance;;;;;;;;;;
2004;1045;83;83021;Bras;06/04/2004 14:01;6150000;4780000;1370000;;;;;;;;;Oui;5;Certaine;Involontaire (particulier);;;;;;;;;;
2004;4899;2B;2B049;Calenzana;15/07/2004 14:40;1014400;0;0;;;;;;;0;;Non;1;Probable;Malveillance;;;;;;;;;;
2004;5866;13;13088;Rove (Le);24/07/2004 13:22;4760000;0;0;;;;;;;;;Non;;Probable;Malveillance;;;;;;;;;;
2004;5865;13;13112;Velaux;24/07/2004 17:14;19310000;0;0;;;;;;;;;Non;;Probable;Malveillance;;;;;;;;;;
2004;6223;2B;2B049;Calenzana;25/07/2004 13:15;4600000;0;0;;;;;;;0;;Oui;1;Probable;Malveillance;;;;;;;;;;
2004;5736;30;30057;Cabrières;27/07/2004 13:15;6000000;4400000;1600000;;;;;;;;;Oui;1;Probable;Malveillance;;;;;;;;;;
2004;6882;2B;2B224;Pietracorbara;13/08/2004 13:57;10820000;0;0;;;;;;;0;;;1;Certaine;Involontaire (particulier);;;;;;;;;;
2004;8070;2B;2B185;Oletta;21/08/2004 12:15;1860000;0;0;;;;;;;0;;;1;Probable;Malveillance;;;;;;;;;;
2004;8054;2B;2B328;Tox;21/08/2004 12:52;13380000;0;0;;;;;;;0;;;1;Probable;Malveillance;;;;;;;;;;
2004;8071;2B;2B342;Ventiseri;21/08/2004 13:00;3727100;0;0;;;;;;;0;;;1;Probable;Malveillance;;;;;;;;;;
2005;4591;2B;2B252;Pruno;20/04/2005 06:45;1160500;0;0;;;;;;;0;;Oui;1;Probable;Malveillance;;;;;;;;;;
2005;3991;13;13112;Velaux;06/05/2005 16:57;2760000;360000;2360000;;;;;;;40000;;Oui;1;Certaine;Involontaire (particulier);;;;;;;;;;
2005;6187;2B;2B230;Piève;30/06/2005 10:59;12710000;0;0;;;;;;;0;;Non;4;Probable;Malveillance;;;;;;;;;;
2005;6863;83;83120;Saint-Zacharie;30/06/2005 12:05;1510000;1510000;0;;;;;;;0;;Oui;4;Probable;Malveillance;;;;;;;;;;
2005;6482;2B;2B049;Calenzana;30/06/2005 21:03;5000000;0;0;;;;;;;0;;Non;;Certaine;Malveillance;;;;;;;;;;
2005;6483;2B;2B049;Calenzana;30/06/2005 22:13;17450000;0;0;;;;;;;0;;Non;;Certaine;Malveillance;;;;;;;;;;
2005;5189;34;34162;Montagnac;01/07/2005 01:30;1200000;100000;100000;;;;;;;1000000;;Oui;4;Probable;Malveillance;;;;;;;;;;
2005;5389;13;13051;Lançon-Provence;01/07/2005 09:39;6260000;2270000;3560000;;;;;;;430000;;Oui;1;Probable;Malveillance;;;;;;;;;;
2005;6864;83;83148;Vidauban;01/07/2005 14:12;1000000;952500;0;;;;;;;47500;;Oui;4;Certaine;Accidentelle;;;;;;;;;;
2005;6865;83;83086;Muy (Le);01/07/2005 15:50;1900000;1733000;0;;;;;;;167000;;Non;4;Probable;Malveillance;;;;;;;;;;
2005;6781;6;6161;Villeneuve-Loubet;05/07/2005 10:55;1140000;45000;1095000;;;;;;;0;;Oui;;Inconnue;;;;;;;;;;;
2005;6890;83;83107;Roquebrune-sur-Argens;05/07/2005 13:48;7350000;6760000;0;;;;;;;590000;;Oui;5;Probable;Malveillance;;;;;;;;;;
2005;7598;83;83095;Pontevès;21/07/2005 16:46;2310000;2310000;0;;;;;;;0;;Oui;5;Certaine;Accidentelle;;;;;;;;;;
2005;7532;30;30088;Combas;22/07/2005 10:09;2180000;1884500;0;;;;;;;295500;;Oui;4;Probable;Malveillance;;;;;;;;;;
2005;6818;66;66033;Camélas;22/07/2005 14:10;2400000;2400000;0;;;;;;;0;;Oui;3;Inconnue;;;;;;;;;;;
2005;6585;11;11322;Roquefort-des-Corbières;22/07/2005 15:03;6704652;1885000;4819652;;;;;;;0;;Non;4;Probable;Malveillance;;;;;;;;;;
2005;6911;7;7023;Balazuc;03/08/2005 16:16;2790000;0;2790000;;;;;;;0;;Oui;1;Probable;Malveillance;;;;;;30;40;N;28;
2005;7504;13;13005;Aubagne;04/08/2005 15:00;1190000;1060000;130000;;;;;;;0;;Oui;4;Inconnue;;;;;;;;;;;
2005;7741;83;83098;Pradet (Le);04/08/2005 15:50;1588000;1555000;0;;;;;;;33000;;Oui;3;Probable;Malveillance;;;;;;;;;;
2005;7509;13;13103;Salon-de-Provence;04/08/2005 19:34;2830000;960000;1570000;;;;;;;300000;;Non;1;Probable;Malveillance;;;;;;;;;;
2005;7510;13;13001;Aix-en-Provence;05/08/2005 18:28;5200000;2580000;710000;;;;;;;1910000;;Oui;4;Probable;Malveillance;;;;;;;;;;
2005;8362;4;4190;Saint-Martin-les-Eaux;07/08/2005 13:07;4370000;3730000;250000;;;;;;;390000;;Oui;1;Probable;Malveillance;;;;;;;;;;
2005;8361;4;4081;Esparron-de-Verdon;07/08/2005 14:09;20130000;14100000;1340000;;;;;;;4690000;;Oui;1;Probable;Malveillance;;;;;;;;;;
2005;7272;7;7162;Montréal;08/08/2005 14:27;5750000;600000;5150000;;;;;;;0;;Oui;1;Probable;Malveillance;;;;;;20;18;N;28;
2005;7897;7;7329;Valgorge;20/08/2005 05:41;1140000;140000;1000000;;;;;;;0;;Oui;1;Probable;Malveillance;;;;;;40;9;NO;26;
2005;8323;66;66201;Tarerach;22/08/2005 14:13;19700000;19700000;0;;;;;;;0;;Oui;3;Inconnue;;;;;;;;;;;
2005;8070;11;11441;Vinassan;22/08/2005 22:16;1350059;0;1350059;;;;;;;0;;Non;1;Certaine;Malveillance;;;;;;;;;;
2006;6731;13;13087;Rousset;30/05/2006 12:45;1480000;0;1480000;;;;;;;0;;;1;Probable;Malveillance;;;;;;;;;;
2006;6108;66;66053;Collioure;31/05/2006 15:12;2200000;500000;1700000;;;;;;;0;;Oui;3;Certaine;Involontaire (particulier);;;;;;;;;;
2006;111;29;29044;Dinéault;06/06/2006 18:51;3500000;850000;;2650000;;;2650000;0;0;0;;;;;Malveillance;;;;;;;;;;
2006;7067;2B;2B184;Olcani;18/06/2006 14:09;1450000;0;700000;;;;;;;750000;;Oui;1;Certaine;Involontaire (particulier);;;;;;;;;;
2006;9175;83;83120;Saint-Zacharie;21/07/2006 14:54;2500000;2500000;0;;;;;;;0;;Oui;1;Certaine;Involontaire (particulier);;;;;;;;;;
2006;9281;34;34328;Vendémian;01/08/2006 21:46;4300000;0;0;;;;;;;0;;;1;Probable;Malveillance;;;;;;;;;;
2006;9394;34;34183;Nissan-lez-Enserune;05/08/2006 11:28;1590000;0;0;;;;;;;0;;;4;Inconnue;;;;;;;;;;;
2006;10742;11;11098;Conilhac-Corbières;10/08/2006 16:20;1101600;636900;464700;;;;;;;0;;Non;4;Inconnue;;;;;;;;;;;
2006;11036;66;66127;Opoul-Périllos;10/08/2006 19:40;3000000;0;3000000;;;;;;;0;;Oui;1;Probable;Malveillance;;;;;;;;;;
2006;10645;83;83004;Arcs (Les);12/08/2006 11:15;1350000;1350000;0;;;;;;;0;;Oui;3;Probable;Malveillance;;;;;;;;;;
2006;10743;11;11253;Montolieu;13/08/2006 16:26;1426200;436000;850000;;;;;;;140200;;Non;1;Certaine;Involontaire (particulier);;;;;;;;;;
2006;11778;2B;2B049;Calenzana;30/08/2006 14:50;1432100;0;0;;;;;;;0;;Oui;1;Probable;Malveillance;;;;;;;;;;
2006;4683;9;9057;Biert;29/12/2006 14:00;2070000;1240000;;830000;;;830000;0;0;0;;;;;Accidentelle;;;;;;;;;;
2007;5524;83;83085;Motte (La);26/06/2007 16:05;4620000;4620000;0;;;;;;;0;;Oui;5;Certaine;Involontaire (particulier);;;;;;;;;;
2007;6244;83;83133;Tanneron;04/07/2007 17:53;4350000;4350000;0;;;;;;;0;;Non;1;Certaine;Accidentelle;;;;;;;;;;
2007;6245;83;83086;Muy (Le);04/07/2007 18:24;1600000;1570000;0;;;;;;;30000;;Oui;5;Certaine;Involontaire (travaux);;;;;;;;;;
2007;8185;83;83001;Adrets-de-l'Estérel (Les);16/07/2007 12:01;3000000;3000000;0;;;;;;;0;;Non;5;Certaine;Accidentelle;;;;;;;;;;
2007;8172;6;6072;Ilonse;24/07/2007 15:40;1050000;950000;25000;;;;;;;75000;;Non;4;Inconnue;;;;;;;;;;;
2007;8234;83;83999;Commune inconnue;24/07/2007 16:15;3650000;3650000;0;;;;;;;0;;Oui;1;Probable;Involontaire (particulier);;;;;;;;;;
2007;6981;66;66231;Vingrau;25/07/2007 16:44;2100000;0;2100000;;;;;;;0;;Oui;1;Certaine;Accidentelle;;;;;;;;;;
2007;8012;30;30338;Vallérargues;05/08/2007 16:59;1300000;0;0;;;;;;;0;;Oui;6;Probable;Malveillance;;;;;;;;;;
2007;8271;4;4094;Gréoux-les-Bains;09/08/2007 16:38;1750000;1020000;650000;;;;;;;80000;;Oui;1;Inconnue;;;;;;;;;;;
2007;8385;11;11014;Armissan;16/08/2007 21:36;1632040;719840;912200;;;;;;;0;;Non;4;Probable;Malveillance;;;;;;;;;;
2007;10273;2B;2B177;Noceta;26/09/2007 11:20;2040000;0;0;;;;;;;0;;Oui;1;Certaine;Malveillance;;;;;;;;;;
2007;11579;4;4202;Sausses;04/11/2007 06:52;1400000;260000;110000;;;;;;;1030000;;Oui;1;Probable;Malveillance;;;;;;;;;;
2007;11695;83;83115;Sainte-Maxime;14/11/2007 17:10;2680000;2680000;0;;;;;;;0;;Oui;1;Certaine;Malveillance;;;;;;;;;;
2007;11847;84;84044;Entrechaux;20/11/2007 11:53;1000000;1000000;0;;;;;;;0;;Oui;;Certaine;Involontaire (particulier);;;;;;;;;;
2008;3771;7;7315;Souche (La);30/01/2008 14:22;1222639;0;1222639;;;;;;;0;;Oui;1;Probable;Malveillance;;;;;;;;;;
2008;281;9;9302;Suc-et-Sentenac;13/02/2008 07:05;1200000;300000;;900000;;;300000;600000;0;600000;;;;;;;;;;;;;;;
2008;681;56;56032;Campénéac;10/04/2008 15:21;3500000;3500000;;0;;;0;0;0;0;;;;;Involontaire (particulier);;;;;;;;;;
2008;5962;83;83999;Commune inconnue;08/08/2008 10:30;4150000;420000;3730000;;;;;;;0;;Non;1;Certaine;Naturelle;;;;;;;;;;
2008;6595;11;11332;Saint-André-de-Roquelongue;28/08/2008 17:25;8124400;2377700;5315700;;;;;;;431000;;Non;4;Certaine;Involontaire (travaux);;;;;;;;;;
2009;154;65;65344;Ossun;13/03/2009 18:10;1660000;0;;1660000;;;50000;1610000;0;1610000;;;;;Malveillance;;;;;;;;;;
2009;126;12;12260;Sauclières;20/03/2009 12:00;1000000;350000;;650000;;;350000;300000;0;300000;;;;;Involontaire (travaux);;;;;;;;;;
2009;336;9;9031;Axiat;20/03/2009 13:39;2920000;1820000;;1100000;;;0;1100000;0;1100000;;;;;;;;;;;;;;;
2009;182;65;65344;Ossun;22/03/2009 13:53;1200000;0;;1200000;;;20000;1180000;0;1180000;;;;;Malveillance;;;;;;;;;;
2009;277;56;56032;Campénéac;01/04/2009 11:21;1400000;1400000;;0;;;0;0;0;0;;;;;Accidentelle;;;;;;;;;;
2009;4441;40;40180;Meilhan;28/06/2009 15:07;1930000;1930000;;0;;;0;;;0;;;;;Naturelle;;;;;;;;;;
2009;8161;13;13055;Marseille;22/07/2009 13:34;10650000;6280000;4370000;;;;;;;0;;Oui;;Certaine;Accidentelle;;;;;;;;;;
2009;9682;2A;2A209;Peri;23/07/2009 05:06;7498000;0;0;;;;;;;0;;Non;1;Probable;Malveillance;;;;;;;;;;
2009;9699;2A;2A272;Sartène;23/07/2009 13:25;12010000;0;0;;;;;;;0;;Non;1;Certaine;Accidentelle;;;;;;;;;;
2009;10450;2A;2A118;Fozzano;23/07/2009 13:26;32210000;0;0;;;;;;;0;;Non;1;Probable;Accidentelle;;;;;;;;;;
2009;10035;83;83086;Muy (Le);03/08/2009 16:47;2100000;2000000;0;;;;;;;100000;;Oui;4;Certaine;Malveillance;;;;;;;;;;
2009;11927;34;34328;Vendémian;02/10/2009 16:43;11900000;1900000;10000000;;;;;;;0;;Non;1;Certaine;Involontaire (travaux);;;;;;;;;;
2009;913;16;16237;Mouton;06/10/2009 01:42;2000000;0;;2000000;;;2000000;0;0;0;;;;;Involontaire (travaux);;;;;;;;;;
2009;13626;66;66220;Valcebollère;16/10/2009 14:08;1700000;1700000;0;;;;;;;0;;Oui;1;Certaine;Accidentelle;;;;;;;;;;
2010;99;65;65400;Salles;18/03/2010 16:21;1000000;1000000;;0;;;0;0;0;0;;;;;Involontaire (travaux);;;;;;;;;;
2010;4096;40;40107;Garrosse;12/04/2010 15:11;1307300;1300100;;0;;;0;;;7200;;;;;;;;;;;;;;;
2010;4147;54;54152;Damelevières;29/04/2010 00:00;1000000;1000000;;0;;;0;0;0;0;;;;;;;;;;;;;;;Données partielles ou non valides
2010;3562;33;33527;Teich (Le);29/04/2010 14:07;1111000;1111000;;0;;;0;;;0;;;;;Involontaire (travaux);;;;;;;;;;
2010;6663;13;13026;Châteauneuf-les-Martigues;24/07/2010 20:47;9150000;;;;;;;;;;;;;;;;;;;;;;;;
2010;6290;11;11014;Armissan;29/07/2010 14:50;2251460;1112400;1139060;;;;;;;0;;Non;4;Probable;Malveillance;;;;;;;;;;
2010;8474;34;34341;Villeveyrac;30/08/2010 13:45;4070000;1070000;370000;;;;;;;2630000;;Non;1;Inconnue;;;;;;;;;;;
2010;8346;34;34102;Fontanès;30/08/2010 15:58;25440000;22330000;530000;;;;;;;2580000;;Non;4;Probable;Malveillance;;;;;;;;;;
2010;8696;13;13022;Cassis;30/08/2010 20:36;1860000;1860000;0;;;;;;;0;;Oui;;Inconnue;;;;;;;;;;;
2010;3940;40;40287;Sanguinet;03/09/2010 14:04;1708000;1356900;;0;;;0;;;351100;;;;;;;;;;;;;;;
2010;4180;974;97415;Saint-Paul;11/10/2010 00:00;7800000;7800000;;0;;;0;0;;0;;;;;;;;;;;;;;;Données partielles ou non valides
2011;12151;7;7025;Barnas;07/02/2011 13:07;1350000;0;1350000;;;;;;;0;;Oui;1;Inconnue;;;;;;;;;;;
2011;3065;24;24079;Cantillac;13/04/2011 19:23;1300000;1300000;;0;;;0;;;0;;;;;;;;;;;;;;;
2011;7716;13;13039;Fos-sur-Mer;01/07/2011 15:00;1210000;100000;800000;;;;;;;310000;;Oui;;Inconnue;;;;;;;;;;;
2011;3552;33;33214;Lacanau;02/07/2011 13:29;3064700;1500000;;0;;;0;;;1564700;;;;;;;;;;;;;;;
2011;4130;40;40167;Luxey;04/07/2011 15:32;1080600;1015600;;0;;;0;;;65000;;;;;;;;;;;;;;;
2011;8963;66;66231;Vingrau;09/08/2011 12:37;2500000;1200000;1300000;;;;;;;0;;Oui;1;Probable;Malveillance;;;;;;;;;;
2011;8903;48;48117;Pourcharesses;21/08/2011 16:30;1700000;0;0;;;;;;;0;;Oui;;Probable;Involontaire (particulier);;;;;;;;;;
2011;9743;66;66095;Latour-de-Carol;09/09/2011 15:58;1100000;1100000;0;;;;;;;0;;Oui;5;Probable;Malveillance;;;;;;;;;;
2011;3309;33;33449;Saint-Médard-en-Jalles;28/09/2011 15:52;1081700;1081700;;0;;;0;;;0;;;;;Accidentelle;;;;;;;;;;
2011;10380;2B;2B213;Pianello;05/10/2011 11:00;3484400;;;;;;;;;;;;;;;;;;;;;;;;
2011;10224;34;34213;Poussan;07/10/2011 06:30;1022000;10000;1012000;;;;;;;0;;Oui;1;Certaine;Malveillance;Oui;;;;;;;;;
2011;10274;34;34020;Azillanet;09/10/2011 19:31;1114000;350000;720000;;;;;;;44000;;Oui;1;Probable;Malveillance;Oui;;;;;;;;;
2011;4478;974;97415;Saint-Paul;25/10/2011 14:50;27000000;27000000;;0;;;0;0;0;0;Estimées;;;;;;;;;;;;;;
2011;11648;2B;2B355;Volpajola;15/12/2011 13:34;1700000;;;;;;;;;;;;;;;;;;;;;;;;
2012;3945;65;65017;Aragnouet;14/01/2012 15:53;1600000;0;;1600000;;;1600000;0;0;0;;;;;;;;;;;;;;;
2012;3944;65;65344;Ossun;12/02/2012 15:03;1300000;0;;1300000;;;1300000;0;0;0;;;;;;;;;;;;;;;
2012;7254;4;4214;Tartonne;29/02/2012 21:24;1050000;270000;780000;;;;;;;0;;Oui;5;Certaine;Involontaire (particulier);;;;;;;;;;
2012;5857;48;48117;Pourcharesses;05/03/2012 11:41;1050000;0;0;;;;;;;0;;Non;;Certaine;Involontaire (particulier);;;;;;;;;;
2012;3943;65;65117;Cadeilhan-Trachère;16/03/2012 19:59;1000000;0;;1000000;;;1000000;0;0;0;;;;;;;;;;;;;;;
2012;11903;66;66023;Bouleternère;18/07/2012 17:00;1700000;0;1700000;;;;;;;;;Oui;1;Probable;Malveillance;;;;;;;;;;
2012;10973;34;34183;Nissan-lez-Enserune;22/07/2012 16:51;1850000;214800;313500;;;;;;;1321700;;Oui;4;Probable;Involontaire (particulier);Oui;;;;;;30;NO;;
2012;3369;33;33214;Lacanau;16/08/2012 12:39;6380000;6380000;;0;;;0;;;0;;;;;;;;;;;;;;;
2012;549;9;9139;Hospitalet-près-l'Andorre (L');18/08/2012 09:50;5200000;200000;;5000000;;;0;5000000;0;5000000;Mesurées;;;;Accidentelle;;;;;;;;;;
2012;12063;13;13067;Orgon;26/08/2012 02:37;7380000;4840000;0;;;;;;;2540000;;Oui;5;Certaine;Malveillance;Oui;;;;;40;35;N;25;
2012;560;9;9114;Erp;24/12/2012 18:05;1000000;200000;;800000;;;0;800000;0;800000;Estimées;;;;;;;;;;;;;;
2013;1122;40;40135;Labrit;28/02/2013 12:49;2234000;1425500;;0;;;0;;;808500;;;;;Malveillance;;;;;;;;;;
2013;505;65;65057;Azereix;10/03/2013 11:48;1440000;0;;1440000;;;1440000;0;0;0;Mesurées;;;;;;;;;;;;;;
2013;3195;11;11145;Fleury;25/06/2013 14:15;2470400;70400;2400000;;;;;;;;;;4;Certaine;Malveillance;Oui;;;;;;;;;
2013;6803;2B;2B123;Ghisonaccia;17/09/2013 07:38;1828300;;91400;;;;;;;1736900;;Oui;1;Certaine;Accidentelle;Oui;;;;;;;;;
2014;1199;33;33095;Captieux;23/04/2014 16:02;1000000;300000;;0;;;0;;;700000;;;;;Involontaire (particulier);;;;;;;;;;
2014;5020;11;11198;Laure-Minervois;17/07/2014 13:34;1303800;380500;894300;;;;;;;29000;;;;Certaine;Accidentelle;Oui;;;;;;;;;
2014;5485;11;11285;Peyriac-de-Mer;30/07/2014 11:22;3099000;510000;2559000;;;;;;;30000;;;;Probable;Malveillance;Oui;;;;;;;;;
2014;7256;2B;2B049;Calenzana;13/10/2014 15:28;1918821;0;1918821;;;;;;;0;;Oui;1;Certaine;Malveillance;Oui;;;;;44;25;SO;26;
2014;7316;2B;2B007;Albertacce;21/10/2014 01:09;4281937;0;1280000;;;;;;;3001937;;Oui;1;Probable;Malveillance;Non;;;;;;20;;;
2014;7464;2B;2B340;Velone-Orneto;22/10/2014 11:30;1093835;200000;893835;;;;;;;0;;Non;1;Probable;Malveillance;Oui;;;;;25;43;N;19;
2014;7465;2B;2B319;Talasani;22/10/2014 12:30;5418965;5298965;0;;;;;;;120000;;Oui;3;Probable;Malveillance;Oui;;;;;25;43;N;19;
2015;1056;72;72213;Mulsanne;10/07/2015 14:42;1070000;1070000;;0;;;0;0;0;0;Estimées;;;;;;;;;;;;;;
2015;4558;1;1378;Saint-Maurice-de-Gourdans;16/07/2015 15:47;3710000;1200000;;2510000;;;1300000;1210000;0;1210000;Estimées;;;;Involontaire (particulier);;;;;;;;;;
2015;994;28;28014;Aunay-sous-Crécy;16/07/2015 17:15;1020000;0;;20000;;;20000;0;1000000;1000000;Estimées;;;;;;;;;;;;;;
2015;4551;42;42053;Châteauneuf;17/07/2015 12:59;1050000;1000000;;50000;;;0;50000;0;50000;Estimées;;;;Involontaire (travaux);;;;;;;;;;
2015;538;21;21166;Chenôve;21/07/2015 14:50;1061500;737400;;322600;;;0;322600;1500;324100;Mesurées;;;;;;;;;;;;;;
2015;2772;71;71076;Chalon-sur-Saône;22/07/2015 17:25;1000000;0;;1000000;;;1000000;0;0;0;Mesurées;;;;;;;;;;;;;;
2015;1862;33;33422;Saint-Jean-d'Illac;24/07/2015 14:25;5629600;5629600;;0;;;0;;;0;;;;;;;;;;;;;;;
2015;7953;6;6130;Saint-Vallier-de-Thiey;29/07/2015 16:02;1956500;220000;1496500;;;;;;;240000;;Oui;4;Probable;Involontaire (particulier);Non;;;;;;;;;
2015;1246;69;69018;Beaujeu;06/08/2015 16:45;1000000;500000;;500000;;;500000;0;0;0;Mesurées;;;;;;;;;;;;;;
2015;9527;2A;2A345;Vero;30/08/2015 14:20;1000000;;1000000;;;;;;;;;;;;;;;;;;;;;;
2015;9427;6;6083;Menton;09/09/2015 12:26;1265600;;1265600;;;;;;;;;Oui;1;Probable;Malveillance;Oui;;;;;;;;;
2015;9721;66;66048;Cerbère;17/09/2015 21:45;1300000;300000;1000000;;;;;;;;;Oui;1;Probable;Malveillance;Oui;;;;;62;35;NO;18;
2015;1427;9;9136;Gourbit;12/11/2015 08:40;1200000;800000;;400000;;;0;400000;0;400000;Estimées;;;;;;;;;;;;;;
2015;1440;9;9325;Vaychis;22/12/2015 16:05;3500000;300000;;3200000;;;0;3200000;0;3200000;Estimées;;;;;;;;;;;;;;
2015;1456;9;9136;Gourbit;28/12/2015 07:55;3500000;500000;;3000000;;;0;3000000;0;3000000;Estimées;;;;;;;;;;;;;;
2016;7936;6;6023;Breil-sur-Roya;03/02/2016 22:04;1015200;642500;372700;;;;;;;;;Oui;5;Inconnue;;Non;;;;;71;;NO;7;
2016;7925;6;6013;Belvédère;04/02/2016 13:11;2602200;380000;2222200;;;;;;;;;Oui;1;Certaine;Malveillance;Oui;;;;;44;40;O;12;
2016;2725;49;49045;Breille-les-Pins (La);14/05/2016 06:00;1500000;1500000;;0;;;0;0;0;0;Mesurées;;;;Accidentelle;;;;;;;;;;
2016;6636;13;13001;Aix-en-Provence;14/06/2016 12:40;1226300;726300;;;;;;;;500000;;Oui;;Inconnue;;Oui;;;;;;;;;
2016;7160;66;66016;Banyuls-sur-Mer;19/06/2016 14:51;1200000;200000;1000000;;;;;;;;;Oui;1;Probable;Involontaire (particulier);Oui;;;;;44;54;NO;21;
2016;7559;11;11212;Mailhac;13/07/2016 13:29;3391439;1246200;1406900;;;;;;;738339;;;;Probable;Accidentelle;Oui;;;;;;;;;
2016;7906;13;13026;Châteauneuf-les-Martigues;13/07/2016 21:43;1000000;1000000;;;;;;;;;;Oui;;Probable;Malveillance;;;;;;;;;;
2016;7561;11;11040;Bizanet;14/07/2016 14:08;7162701;331800;6830901;;;;;;;;;;;Certaine;Malveillance;Oui;;;;;;;;;
2016;7934;13;13033;Ensuès-la-Redonne;15/07/2016 15:15;4000000;4000000;;;;;;;;;;Oui;;Inconnue;;;;;;;;;;;
2016;8670;83;83045;Correns;18/07/2016 12:52;6320000;5620000;560000;;;;;;;140000;;Oui;4;Probable;Malveillance;Oui;;;;;22;12;SO;32;
2016;9818;13;13039;Fos-sur-Mer;10/08/2016 11:56;7110000;3100000;4010000;;;;;;;;;Oui;;Probable;Accidentelle;Oui;;;;;;;;;
2016;8961;34;34234;Roquessels;10/08/2016 14:04;1960000;930000;1000000;;;;;;;30000;;Oui;1;Probable;Involontaire (particulier);Oui;;;;;;;;;
2016;9821;13;13081;Rognac;10/08/2016 15:09;26630000;26630000;;;;;;;;;;Oui;4;Certaine;Involontaire (particulier);Oui;;;;;;;;;
2016;9472;66;66111;Montalba-le-Château;11/08/2016 07:52;13083700;800000;11997100;;;;;;;286600;;Oui;1;Probable;Malveillance;Oui;;;;;51;35;NO;17;
2016;10209;2B;2B029;Barbaggio;24/08/2016 00:16;5533800;5283800;100000;;;;;;;150000;;;2;Probable;Malveillance;Oui;;;;;;;;;
2016;10428;11;11270;Padern;05/09/2016 15:34;7890300;314600;7225700;;;;;;;350000;;;;Certaine;Accidentelle;;;;;;;;;;
2016;11122;13;13055;Marseille;05/09/2016 17:21;3030000;780000;2250000;;;;;;;;;Oui;1;Certaine;Malveillance;Oui;;;;;;;;;
2016;10688;34;34070;Cébazan;07/09/2016 14:40;1031000;800000;200000;;;;;;;31000;;Oui;1;Probable;Involontaire (particulier);Oui;;;;;;;;;
2016;12197;4;4023;Bayons;11/12/2016 11:18;1358000;415000;123300;;;;;;;819700;;;1;Certaine;Involontaire (travaux);Non;;;;;;;;;
2016;1254;31;31064;Benque-Dessous-et-Dessus;14/12/2016 14:34;1100000;0;;1100000;;;100000;1000000;0;1000000;Estimées;;;;Involontaire (travaux);;;;;;;;;;
2016;1242;31;31434;Poubeau;30/12/2016 14:30;1800000;0;;1800000;;;100000;1700000;0;1700000;Estimées;;;;Accidentelle;;;;;;;;;;
2017;172;9;9302;Suc-et-Sentenac;07/01/2017 09:25;5000000;1000000;;4000000;;;0;4000000;0;4000000;Estimées;;;;;;;;;;;;;;
2017;7341;2A;2A031;Bastelica;24/03/2017 18:47;2256000;256000;2000000;;;;;;;;;;4;Probable;Malveillance;Oui;;;;;;;;;
2017;2647;33;33125;Cissac-Médoc;20/04/2017 14:05;10755000;10755000;;0;;;0;;;0;;;;;;;;;;;;;;;
2017;7343;2A;2A041;Bonifacio;30/05/2017 13:43;3800000;;3800000;;;;;;;;;;1;Certaine;Involontaire (travaux);Non;;;;;;;;;
2017;2970;40;40060;Callen;05/07/2017 15:34;4916000;0;;4916000;;;4916000;;;0;;;;;Involontaire (particulier);;;;;;;;;;
2017;11586;66;66024;Boulou (Le);14/07/2017 18:01;1620000;1320000;300000;;;;;;;;;Oui;5;Certaine;Malveillance;Oui;;;;;44;60;N;26;
2017;11112;34;34031;Bessan;15/07/2017 12:03;1025000;;900000;;;;;;;125000;;Oui;1;Certaine;Involontaire (travaux);Non;;;;;;;;;
2017;11097;13;13091;Saint-Cannat;15/07/2017 15:13;7955100;6850000;105100;;;;;;;1000000;;Oui;1;Certaine;Involontaire (particulier);Oui;;;;;;;;;
2017;11930;2A;2A041;Bonifacio;17/07/2017 13:50;1218300;;1218300;;;;;;;;;;1;Certaine;Involontaire (travaux);Non;;;;;;;;;
2017;12191;84;84010;Bastidonne (La);24/07/2017 10:36;11418100;10813800;525200;;;;;;;79100;;;4;Certaine;Naturelle;Oui;;;;;41;25;NO;25;
2017;12050;2B;2B188;Olmeta-di-Tuda;24/07/2017 12:49;21180000;1380000;18900000;;;;;;;900000;;;1;Probable;Malveillance;Oui;;;;;;100;;;
2017;12223;83;83048;Croix-Valmer (La);24/07/2017 19:29;5060000;5060000;;;;;;;;;;Oui;3;Probable;Involontaire (particulier);Oui;;;;;;;;;
2017;12221;83;83006;Artigues;24/07/2017 21:47;17040000;15870000;970000;;;;;;;200000;;Oui;2;Probable;Malveillance;Oui;;;;;;;;;
2017;11720;83;83071;Londe-les-Maures (La);25/07/2017 22:54;14230000;14230000;;;;;;;;;;Oui;1;Probable;Malveillance;Oui;;;;;38;35;NO;25;
2017;11424;13;13056;Martigues;26/07/2017 04:44;1588000;1251100;273500;;;;;;;63400;;Oui;1;Certaine;Involontaire (particulier);Oui;;;;;;;;;
2017;7192;2A;2A200;Palneca;02/08/2017 15:48;1855000;850000;1000000;;;;;;;5000;;;;Probable;Malveillance;Oui;;;;;;;;;
2017;12071;2B;2B049;Calenzana;05/08/2017 17:42;1245584;;1200000;;;;;;;45584;;;1;Certaine;Malveillance;Oui;;;;;;;;;
2017;12489;34;34285;Saint-Pons-de-Mauchiens;09/08/2017 11:32;1965100;270000;1660000;;;;;;;35100;;Oui;1;Certaine;Involontaire (travaux);Oui;;;;;;;;;
2017;13571;2B;2B178;Nonza;11/08/2017 00:45;16170000;360000;15370000;;;;;;;440000;;;1;Probable;Malveillance;Oui;;;;;;;;;
2017;13575;2B;2B153;Manso;11/08/2017 15:10;1090000;1090000;;;;;;;;;;;4;Certaine;Naturelle;Oui;;;;;;;;;
2017;13496;6;6077;Lucéram;13/08/2017 16:35;1320760;1020760;300000;;;;;;;;;Oui;3;Certaine;Involontaire (particulier);Non;;;;;;;;;
2017;13939;2A;2A308;Sainte-Lucie-de-Tallano;15/08/2017 11:42;1300000;;1300000;;;;;;;;;;;Probable;Malveillance;Oui;;;;;;;;;
2017;13485;13;13005;Aubagne;19/08/2017 17:31;2297000;2000000;297000;;;;;;;0;;Oui;1;Probable;Malveillance;Oui;;;;;;;;;
2017;13982;83;83069;Hyères;02/09/2017 21:45;4310000;4310000;;;;;;;;;;Oui;3;Certaine;Malveillance;Oui;;;;;;;;;
2017;14055;34;34082;Combaillaux;06/09/2017 15:45;1570400;270400;600000;;;;;;;700000;;Oui;1;Probable;Malveillance;Oui;;;;;;;;;
2017;7095;11;11379;Sigean;06/09/2017 17:40;3357570;291300;3034670;;;;;;;31600;;;;;;;;;;;;;;;
2017;15505;2B;2B352;Ville-di-Paraso;20/10/2017 09:27;15177800;7800;14970000;;;;;;;200000;;;1;Probable;Malveillance;Oui;;;;;;;;;
2017;15890;4;4135;Moustiers-Sainte-Marie;22/10/2017 14:34;2204500;2171000;24400;;;;;;;9100;;;4;Probable;Involontaire (particulier);Oui;;;;;;;;;
2017;15845;2B;2B124;Ghisoni;26/10/2017 15:37;5260000;4530000;200000;;;;;;;530000;;;4;Probable;Malveillance;Non;;;;;;;;;
2017;17198;4;4174;Saint-Benoît;30/11/2017 13:05;1003200;981600;5100;;;;;;;16500;;;2;Probable;Involontaire (particulier);Non;;;;;;;;;
2018;4880;2B;2B293;Sant'Andréa-di-Cotone;02/01/2018 05:13;13172400;5000000;7000000;;;;;;;1172400;;;2;Probable;Involontaire (particulier);Oui;;;;;;;;;
2018;6297;2B;2B088;Chiatra;03/01/2018 19:44;5656800;3300000;1700000;;;;;;;656800;;;3;Probable;Accidentelle;Oui;;;;;;;;;
2018;432;46;46045;Cajarc;01/09/2018 15:28;1850000;0;;1850000;;;1850000;0;0;0;Estimées;;;;;;;;;;;;;;
2019;182;65;65428;Sireix;04/01/2019 08:35;1000000;0;;1000000;;;1000000;0;0;0;Estimées;;;;Involontaire (travaux);;;;;;;;;;
2019;6164;2B;2B073;Casamaccioli;14/01/2019 20:15;1061400;111400;250000;;;;;;;700000;;;4;Inconnue;;Non;;;;;;;;;
2019;229;974;97419;Sainte-Rose;20/01/2019 10:56;17564165;9361000;;8187317;;;0;8187317;15848;8203165;Mesurées;;;;;;;;;;;;;;
2019;13771;2B;2B049;Calenzana;23/02/2019 20:03;11101600;6349200;4719800;;;;;;;32600;;;1;Certaine;Malveillance;Oui;;;;;8;39;NE;12;
2019;194;65;65234;Jézeau;27/02/2019 17:26;2500000;0;;2500000;;;2500000;0;0;0;Estimées;;;;Accidentelle;;;;;;;;;;
2019;86;31;31465;Saccourvielle;03/03/2019 16:26;2000000;1000000;;1000000;;;0;1000000;0;1000000;Mesurées;;;;;;;;;;;;;;
2019;6604;6;6042;Clans;05/03/2019 18:33;1370000;520000;210000;;;;;;;640000;;Oui;1;Probable;Malveillance;Non;;;;;;;;;
2019;6057;6;6062;Fontan;12/03/2019 09:38;1800000;1650000;;;;;;;;150000;;Oui;4;Probable;Involontaire (travaux);;;;;;;;;;
2019;6340;4;4155;Prads-Haute-Bléone;25/03/2019 12:51;1264000;1253600;8800;;;;;;;1600;;;4;Certaine;Involontaire (travaux);Non;;;;;;;;;
2019;8887;30;30125;Garons;28/06/2019 17:24;1188332;898032;130000;;;;;;;160300;;;4;;;;;;;;;;;;
2019;9156;6;6132;Saorge;05/07/2019 21:58;1100000;80000;900000;;;;;;;120000;;Oui;1;Certaine;Naturelle;Non;;;;;;;;;
2019;3151;40;40332;Ychoux;11/07/2019 14:31;1538800;1487700;;0;;;0;;;51100;;;;;;;;;;;;;;;
2019;10171;7;7131;Lanas;13/07/2019 13:07;1934700;;1934700;;;;;;;;;Oui;1;Inconnue;;Non;;;;;;;;;
2019;9044;11;11132;Fabrezan;15/07/2019 10:15;2092686;;;;;;;;;;;;;;;;;;;;;;;;
2019;9686;34;34110;Galargues;15/07/2019 14:45;1679300;100000;370000;;;;;;;1209300;;Oui;4;Certaine;Involontaire (particulier);;;;;;27;24;NE;30;
2019;5986;41;41267;Vallières-les-Grandes;18/07/2019 16:27;1020000;20000;;0;;;0;0;1000000;1000000;Estimées;;;;Involontaire (travaux);;;;;;;;;;
2019;382;55;55268;Lacroix-sur-Meuse;20/07/2019 14:00;1800000;50000;;0;;;0;0;1750000;1750000;Estimées;;;;Involontaire (particulier);;;;;;;;;;
2019;587;55;55350;Montigny-lès-Vaucouleurs;24/07/2019 13:00;1360000;60000;;0;;;0;0;1300000;1300000;Mesurées;;;;Involontaire (travaux);;;;;;;;;;
2019;1610;45;45257;Pressigny-les-Pins;25/07/2019 12:19;1110000;500000;;610000;;;0;610000;0;610000;Estimées;;;;;;;;;;;;;;
2019;1611;45;45192;Manchecourt;25/07/2019 14:40;2500000;300000;;0;;;0;0;2200000;2200000;Estimées;;;;;;;;;;;;;;
2019;3585;27;27183;La Couture-Boussey;25/07/2019 19:57;1570000;70000;;1500000;;;0;1500000;0;1500000;Estimées;;;;;;;;;;;;;;
2019;12141;30;30128;Générac;30/07/2019 13:26;3090840;1580100;510340;;;;;;;1000400;;;4;;;;;;;;;;;;
2019;10413;30;30341;Vauvert;02/08/2019 13:52;1625611;1321511;155100;;;;;;;149000;;;4;;;;;;;;;;;;
2019;10408;30;30128;Générac;02/08/2019 13:53;3218771;;3218771;;;;;;;;;;1;;;;;;;;;;;;
2019;10698;11;11248;Montirat;14/08/2019 15:57;11028800;;;;;;;;;;;;;;;;;;;;;;;;
2019;10916;34;34226;Quarante;14/08/2019 16:44;1717700;;1717700;;;;;;;;;;1;Certaine;Involontaire (travaux);Non;;;;;;;;;
2019;1339;17;17038;Bedenac;04/09/2019 15:29;1450000;1450000;;0;;;0;0;0;0;Mesurées;;;;;;;;;;;;;;
2019;11867;34;34268;Saint-Jean-de-la-Blaquière;06/09/2019 05:55;1408661;;1408661;;;;;;;;;;1;Probable;Malveillance;Oui;;;;;;;;;
2019;11549;11;11041;Bize-Minervois;06/09/2019 16:54;1239230;780068;60016;;;;;;;399146;;;;;;;;;;;;;;;
2019;11913;34;34143;Loupian;08/09/2019 14:37;2370200;;2370200;;;;;;;;;;1;Certaine;Involontaire (particulier);Oui;;;;;25;19;NO;25;
2020;12560;2A;2A254;Quenza;04/02/2020 05:30;31392900;30381100;707300;;;;;;;304500;;;5;Probable;Involontaire (particulier);Oui;;;;;;;;;
2020;15150;2B;2B188;Olmeta-di-Tuda;10/02/2020 22:30;3439400;509400;2930000;;;;;;;;;;1;Probable;Involontaire (particulier);Non;;;;;;;;;
2020;6157;33;33536;Le Tuzan;27/07/2020 13:51;2897000;2897000;;0;;;0;;;0;;;;;;;;;;;;;;;
2020;2414;45;45335;Vienne-en-Val;27/07/2020 15:35;2400000;1200000;;1200000;;;1200000;0;0;0;Mesurées;;;;;;;;;;;;;;
2020;5599;64;64024;Anglet;30/07/2020 18:32;1650000;1000000;;650000;;;650000;;;0;;;;;Malveillance;;;;;;;;;;
2020;16249;13;13056;Martigues;04/08/2020 17:14;9595100;7071300;1457100;;;;;;;1066700;;Oui;1;Inconnue;;Oui;;;;;;;;;
2020;16017;84;84045;Faucon;15/08/2020 15:00;1341500;1105100;62400;;;;;;;174000;;;;Inconnue;;;;;;;;;;;
2020;16251;13;13047;Istres;24/08/2020 14:10;3196900;2363600;440800;;;;;;;392500;;Oui;1;Probable;Involontaire (particulier);Oui;;;;;;;;;
2020;16353;26;26201;Montguers;26/08/2020 17:08;2893900;1790000;13900;;;;;;;1090000;;;5;Certaine;Accidentelle;;;;;;;;;;
2020;15851;2B;2B167;Montegrosso;27/08/2020 06:05;1848200;260400;1517500;;;;;;;70300;;;1;Certaine;Malveillance;Oui;;;;;39;33;SE;28;
2020;16579;83;83002;Aiguines;28/08/2020 15:22;1657400;562400;1090000;;;;;;;5000;;Oui;1;Certaine;Naturelle;Non;;;;;;;;;
2020;6399;33;33230;Lapouyade;17/09/2020 16:06;1110000;1060000;;0;;;0;;;50000;;;;;Accidentelle;;;;;;;;;;
2020;4544;976;97611;Mamoudzou;26/09/2020 15:00;2000000;2000000;;0;;;0;0;0;0;Mesurées;;;;;;;;;;;;;;
2020;5081;974;97415;Saint-Paul;06/11/2020 19:03;1810000;1810000;;0;;;0;0;0;0;Mesurées;;;;;;;;;;;;;;
2021;2414;64;64545;Urrugne;20/02/2021 10:49;4500000;;;4500000;;;4500000;;;;;;;;;;;;;;;;;;
2021;2415;64;64065;Ascain;20/02/2021 11:57;3500000;;;3500000;;;3500000;;;;;;;;Malveillance;;;;;;;;;;
2021;1368;36;36148;Oulches;02/04/2021 14:38;1670000;1620000;;50000;;;50000;0;0;0;Estimées;;;;;;;;;;;;;;
2021;3116;33;33022;Avensan;03/04/2021 16:19;3038300;3038300;;0;;;0;;;0;;;;;;;;;;;;;;;
2021;419;17;17077;Cercoux;08/04/2021 14:01;1018000;1018000;;0;;;0;0;0;0;Mesurées;;;;Involontaire (particulier);;;;;;;;;;
2021;6466;11;11262;Narbonne;03/07/2021 12:10;1776900;599700;1177200;;;;;;;;;;;;;;;;;;;;;;
2021;7770;11;11261;Moux;24/07/2021 12:11;7666500;4273100;3002300;;;;;;;391100;;;;;;;;;;;;;;;
2021;8934;83;83067;Gonfaron;16/08/2021 17:43;68320000;54280000;9580000;;;;;;;4460000;;Oui;5;Probable;Involontaire (particulier);Oui;;;;;19;44;NO;34;
2021;9389;84;84012;Beaumes-de-Venise;17/08/2021 01:59;2397000;1317200;391600;;;;;;;688200;;;4;Probable;Naturelle;Oui;;;;;46;25;N;23;
2021;8910;34;34281;Saint-Pargoire;18/08/2021 13:42;2516400;;2516400;;;;;;;;;Oui;;Probable;Malveillance;Oui;;;;;;;;;
2022;184;49;49045;La Breille-les-Pins;22/03/2022 14:36;1700000;1700000;;0;;;0;0;0;0;Estimées;;;;Accidentelle;;;;;;;;;;
2022;14508;83;83124;Seillans;27/03/2022 15:00;1771700;1659500;112200;;;;;;;;;Oui;1;Certaine;Accidentelle;Non;;;;;;;;;
2022;14698;2A;2A359;Zicavo;28/03/2022 13:37;1975200;31300;1607700;;;;;;;336200;;;1;Probable;Involontaire (travaux);Non;;;;;;;;;
2022;15003;2B;2B290;Speloncato;08/04/2022 10:43;1200000;;1200000;;;;;;;;;;1;Certaine;Malveillance;Non;;;;;;;;;
2022;16021;11;11267;Ornaisons;10/06/2022 15:21;1142217;734117;251000;;;;;;;157100;;;;;;;;;;;;;;;
2022;7986;12;12072;Comprégnac;17/06/2022 15:03;2909000;1836000;;439000;;;0;439000;634000;1073000;Mesurées;;;;Accidentelle;;;;;;;;;;
2022;18052;83;83002;Aiguines;18/06/2022 09:25;25000000;7190000;6490000;;;;;;;11320000;;Oui;1;Certaine;Involontaire (travaux);Non;;;;;;;;;
2022;10952;40;40267;Saint-Justin;19/06/2022 16:07;2226000;2226000;;0;;;0;0;0;0;Estimées;;;;Malveillance;;Non;;;;;;;;
2022;16051;66;66127;Opoul-Périllos;28/06/2022 11:26;9419300;1990200;5526100;;;;;;;1903000;;Oui;1;Probable;Malveillance;Oui;;;;;38;27;NO;26;
2022;16238;30;30128;Générac;07/07/2022 11:13;1260300;;1260300;;;;;;;;;;1;Certaine;Involontaire (particulier);Oui;;;;;;;;;
2022;16644;30;30045;Bordezac;07/07/2022 16:48;5399900;5399900;;;;;;;;;;;4;Probable;Malveillance;Oui;;;;;;;;;
2022;11418;33;33529;La Teste-de-Buch;12/07/2022 14:36;57090000;57090000;;0;;;0;;;0;Mesurées;;;;;;Non;;;;;;;;
2022;11421;33;33225;Landiras;12/07/2022 16:31;125520000;125520000;;0;;;0;0;0;0;Mesurées;;;;Malveillance;;Non;;;;;;;;
2022;18787;13;13045;Graveson;14/07/2022 16:16;14515300;7426100;6157000;;;;;;;932200;;Oui;1;Certaine;Accidentelle;Oui;;;;;;;;;
2022;6921;72;72350;Teloché;18/07/2022 15:33;3280000;3280000;;0;;;0;0;0;0;Estimées;;;;;;;;;;;;;;
2022;17337;34;34006;Aigne;22/07/2022 14:47;1793324;;1793324;;;;;;;;;;1;Certaine;Accidentelle;Oui;;;;;;;;;
2022;5306;29;29016;Brasparts;24/07/2022 23:28;19170000;19170000;;0;;;0;0;0;0;Mesurées;;;;;;;;;;;;;;
2022;17700;34;34241;Saint-Bauzille-de-la-Sylve;26/07/2022 10:32;9518000;;9518000;;;;;;;;;;1;Probable;Malveillance;Oui;;;;;;;;;
2022;17482;4;4171;Rougon;26/07/2022 14:13;8444900;1261600;7183300;;;;;;;;;;;Inconnue;;Oui;;;;;;;;;
2022;7229;61;61230;Longny les Villages;26/07/2022 19:31;1000000;0;;1000000;;;1000000;0;;;;;;;Malveillance;;;;;;;;;;Données partielles ou non valides
2022;17848;7;7145;Lussas;27/07/2022 09:43;11200800;4059400;6879500;;;;;;;261900;;Oui;1;Certaine;Malveillance;;;;;;;;;35;
2022;17954;66;66030;Calce;30/07/2022 16:08;1322000;565200;479400;;;;;;;277400;;Non;1;Probable;Malveillance;Oui;;;;;32;21;NO;32;
2022;18223;30;30019;Aubais;31/07/2022 14:57;2861600;2000000;861600;;;;;;;;;;4;Probable;Malveillance;Oui;;;;;;;;;
2022;10943;40;40171;Mano;31/07/2022 17:39;3050000;3050000;;0;;;0;0;0;0;Estimées;;;;Malveillance;;Non;;;;;;;;
2022;17577;2B;2B314;Santo-Pietro-di-Tenda;01/08/2022 08:41;4460900;2282700;2159000;;;;;;;19200;;;1;Certaine;Malveillance;Oui;;;;;;;;;
2022;17712;4;4242;Villeneuve;02/08/2022 15:55;2365600;2079600;;;;;;;;286000;;;5;Certaine;Involontaire (particulier);Non;;;;;;;;;
2022;7929;38;38565;Voreppe;05/08/2022 18:43;1054000;1014000;;40000;;;0;40000;0;40000;Mesurées;;;;Naturelle;;;;;;;;;;
2022;20868;26;26282;Romeyer;05/08/2022 18:47;3327500;3316500;2500;;;;;;;8500;;;5;Certaine;Naturelle;Non;;;;;;;;;
2022;5790;49;49018;Baugé-en-Anjou;08/08/2022 13:03;14500000;14500000;;0;;;0;0;0;0;Mesurées;;;;;;;;;;;;;;
2022;18800;48;48094;Massegros Causses Gorges;08/08/2022 16:21;12070000;12070000;;;;;;;;;;Oui;1;Certaine;Accidentelle;Non;;;;;;;;;
2022;9492;16;16048;Boisbreteau;08/08/2022 22:04;1115000;1035000;;;80000;;;;;;Mesurées;Oui;;Inconnue;;Non;Non;;;;;;;;
2022;10885;40;40200;Moustey;09/08/2022 01:34;3810000;3810000;;0;;;0;;;0;Estimées;;;;Involontaire (travaux);;Non;;;;;;;;
2022;3222;49;49022;Beaulieu-sur-Layon;09/08/2022 15:49;2000000;2000000;;0;;;0;0;0;0;Estimées;;;;;;;;;;;;;;
2022;4976;39;39557;Vescles;09/08/2022 22:56;7000000;7000000;;0;;;0;0;0;0;Mesurées;;;;;;;;;;;;;;
2022;4979;39;39166;Cornod;10/08/2022 11:46;1600000;1600000;;0;;;0;0;0;0;Estimées;;;;;;;;;;;;;;
2022;18209;7;7126;Lagorce;10/08/2022 19:25;2523800;867700;1626500;;;;;;;29600;;;1;Inconnue;;;;;;;;40;S;30;
2022;7380;56;56032;Campénéac;12/08/2022 01:12;4970000;4970000;;0;;;0;0;0;0;Mesurées;;;;Malveillance;;;;;;;;;;
2022;11419;33;33225;Landiras;12/08/2022 12:36;67427000;67427000;;0;;;0;;;0;Mesurées;;;;;;Non;;;;;;;;
2022;3223;49;49307;Loire-Authion;13/08/2022 13:48;1700000;1700000;;0;;;0;0;0;0;Estimées;;;;;;;;;;;;;;
2022;4985;39;39363;Montrevel;13/08/2022 14:29;2000000;0;;2000000;;;2000000;0;0;0;Estimées;;;;;;;;;;;;;;
2022;11417;33;33503;Saumos;12/09/2022 15:21;32480000;32480000;;0;;;0;0;0;0;Mesurées;;;;Malveillance;;Non;;;;;;;;
2022;9328;16;16111;Courgeac;15/09/2022 14:41;2350000;2010000;;;340000;;;;;;Mesurées;Oui;;Inconnue;;Non;Non;;;;;;;;
2022;10946;40;40168;Magescq;16/09/2022 17:06;1057000;1057000;;0;;;0;;;0;Estimées;;;;Involontaire (travaux);;Non;;;;;;;;
2022;11420;33;33011;Arès;18/09/2022 13:39;1158000;1158000;;0;;;0;;;0;Mesurées;;;;;;Non;;;;;;;;
2022;20024;2B;2B184;Olcani;23/10/2022 14:28;1886400;403600;1480000;;;;;;;2800;;;3;Probable;Malveillance;Non;;;;;;;;;
2022;20031;2B;2B183;Ogliastro;24/10/2022 07:58;1571400;668700;882800;;;;;;;19900;;;1;Probable;Malveillance;Non;;;;;;;;;
2022;20442;83;83142;Trigance;28/10/2022 14:12;1577730;1530800;46700;;;;;;;230;;Oui;3;Certaine;Accidentelle;Non;;;;;;;;;
2023;22627;64;64040;Arette;21/02/2023 18:42;1109300;10000;;1099300;0;0;;;;;Estimées;;;Certaine;Involontaire (travaux);;Non;;;;;;;;
2023;1650;66;66016;Banyuls-sur-Mer;16/04/2023 09:16;7245000;1285300;3895200;0;0;2064500;;;;;Mesurées;Oui;;Certaine;Involontaire (particulier);Oui;Oui;0;0;1;57;93;NO;13;
2023;4000;11;11255;Montredon-des-Corbières;05/07/2023 11:46;1135517;0;1135517;0;0;0;;;;;Estimées;;;Certaine;Involontaire (travaux);Oui;Non;;;;;;;;
2023;6064;2B;2B231;Pigna;25/07/2023 22:15;1623100;565200;0;1023500;0;34400;;;;;Mesurées;;2;Certaine;Malveillance;Oui;Non;;;;;;;;
2023;7255;34;34016;Aumelas;06/08/2023 02:07;1783200;0;1783200;0;0;0;;;;;Mesurées;;1;Certaine;Malveillance;Oui;Non;;;;;;;;
2023;7426;66;66008;Argelès-sur-Mer;14/08/2023 17:05;4042700;627500;0;3415200;0;0;;;;;Mesurées;Oui;;Probable;Malveillance;Oui;Oui;0;69;30;48;36;SE;33;
2023;9130;5;5033;Chanousse;20/08/2023 17:16;1345400;1324100;19600;0;0;1700;;;;;Mesurées;;;Inconnue;;Oui;Non;;;;;;;;
2023;12557;2B;2B043;Brando;02/12/2023 15:28;1109800;941000;0;126400;0;42400;;;;;Estimées;;;Certaine;Accidentelle;Non;Non;;;;;;;;
